identifier,price,timestamp,group,item
zalando-poncho-DESCHUTES_VALLEY™_RAIN_PONCHO_-_Parka_-_black,10795,1693400304030,zalando-poncho,DESCHUTES_VALLEY™_RAIN_PONCHO_-_Parka_-_black
zalando-poncho-HIKING_BACKPACK_PONCHO_-_Veste_imperméable_-_blue,8995,1693400304483,zalando-poncho,HIKING_BACKPACK_PONCHO_-_Veste_imperméable_-_blue
zalando-poncho-DESCHUTES_VALLEY™_RAIN_PONCHO_-_Parka_-_vista_blue,16195,1693400304727,zalando-poncho,DESCHUTES_VALLEY™_RAIN_PONCHO_-_Parka_-_vista_blue
zalando-poncho-COVERO_PONCHO_II_-_Cape_-_lightgrey,5495,1693400305318,zalando-poncho,COVERO_PONCHO_II_-_Cape_-_lightgrey
zalando-poncho-DESCHUTES_VALLEY™_RAIN_PONCHO_-_Parka_-_black,10795,1693414330598,zalando-poncho,DESCHUTES_VALLEY™_RAIN_PONCHO_-_Parka_-_black
zalando-poncho-HIKING_BACKPACK_PONCHO_-_Veste_imperméable_-_blue,8995,1693414330967,zalando-poncho,HIKING_BACKPACK_PONCHO_-_Veste_imperméable_-_blue
zalando-poncho-DESCHUTES_VALLEY™_RAIN_PONCHO_-_Parka_-_vista_blue,16195,1693414331375,zalando-poncho,DESCHUTES_VALLEY™_RAIN_PONCHO_-_Parka_-_vista_blue
zalando-poncho-COVERO_PONCHO_II_-_Cape_-_lightgrey,5495,1693414331974,zalando-poncho,COVERO_PONCHO_II_-_Cape_-_lightgrey
zalando-poncho-DESCHUTES_VALLEY™_RAIN_PONCHO_-_Parka_-_black,10795,1693428659965,zalando-poncho,DESCHUTES_VALLEY™_RAIN_PONCHO_-_Parka_-_black
zalando-poncho-HIKING_BACKPACK_PONCHO_-_Veste_imperméable_-_blue,8995,1693428660063,zalando-poncho,HIKING_BACKPACK_PONCHO_-_Veste_imperméable_-_blue
zalando-poncho-DESCHUTES_VALLEY™_RAIN_PONCHO_-_Parka_-_vista_blue,16195,1693428660134,zalando-poncho,DESCHUTES_VALLEY™_RAIN_PONCHO_-_Parka_-_vista_blue
zalando-poncho-COVERO_PONCHO_II_-_Cape_-_lightgrey,5495,1693428660803,zalando-poncho,COVERO_PONCHO_II_-_Cape_-_lightgrey
zalando-poncho-DESCHUTES_VALLEY™_RAIN_PONCHO_-_Parka_-_black,10795,1693457455292,zalando-poncho,DESCHUTES_VALLEY™_RAIN_PONCHO_-_Parka_-_black
zalando-poncho-HIKING_BACKPACK_PONCHO_-_Veste_imperméable_-_blue,8995,1693457455465,zalando-poncho,HIKING_BACKPACK_PONCHO_-_Veste_imperméable_-_blue
zalando-poncho-DESCHUTES_VALLEY™_RAIN_PONCHO_-_Parka_-_vista_blue,16195,1693457455654,zalando-poncho,DESCHUTES_VALLEY™_RAIN_PONCHO_-_Parka_-_vista_blue
zalando-poncho-COVERO_PONCHO_II_-_Cape_-_lightgrey,5495,1693457455825,zalando-poncho,COVERO_PONCHO_II_-_Cape_-_lightgrey
zalando-poncho-DESCHUTES_VALLEY™_RAIN_PONCHO_-_Parka_-_black,10795,1693471842618,zalando-poncho,DESCHUTES_VALLEY™_RAIN_PONCHO_-_Parka_-_black
zalando-poncho-DESCHUTES_VALLEY™_RAIN_PONCHO_-_Parka_-_vista_blue,16195,1693471842940,zalando-poncho,DESCHUTES_VALLEY™_RAIN_PONCHO_-_Parka_-_vista_blue
zalando-poncho-HIKING_BACKPACK_PONCHO_-_Veste_imperméable_-_blue,8995,1693471843657,zalando-poncho,HIKING_BACKPACK_PONCHO_-_Veste_imperméable_-_blue
zalando-poncho-COVERO_PONCHO_II_-_Cape_-_lightgrey,5495,1693471844469,zalando-poncho,COVERO_PONCHO_II_-_Cape_-_lightgrey
zalando-poncho-DESCHUTES_VALLEY™_RAIN_PONCHO_-_Parka_-_black,10795,1693486734760,zalando-poncho,DESCHUTES_VALLEY™_RAIN_PONCHO_-_Parka_-_black
zalando-poncho-DESCHUTES_VALLEY™_RAIN_PONCHO_-_Parka_-_vista_blue,16195,1693486734893,zalando-poncho,DESCHUTES_VALLEY™_RAIN_PONCHO_-_Parka_-_vista_blue
zalando-poncho-HIKING_BACKPACK_PONCHO_-_Veste_imperméable_-_blue,8995,1693486734957,zalando-poncho,HIKING_BACKPACK_PONCHO_-_Veste_imperméable_-_blue
zalando-poncho-COVERO_PONCHO_II_-_Cape_-_lightgrey,5495,1693486736130,zalando-poncho,COVERO_PONCHO_II_-_Cape_-_lightgrey
zalando-poncho-DESCHUTES_VALLEY™_RAIN_PONCHO_-_Parka_-_black,10795,1693500651197,zalando-poncho,DESCHUTES_VALLEY™_RAIN_PONCHO_-_Parka_-_black
zalando-poncho-DESCHUTES_VALLEY™_RAIN_PONCHO_-_Parka_-_vista_blue,16195,1693500651248,zalando-poncho,DESCHUTES_VALLEY™_RAIN_PONCHO_-_Parka_-_vista_blue
zalando-poncho-HIKING_BACKPACK_PONCHO_-_Veste_imperméable_-_blue,8995,1693500651308,zalando-poncho,HIKING_BACKPACK_PONCHO_-_Veste_imperméable_-_blue
zalando-poncho-COVERO_PONCHO_II_-_Cape_-_lightgrey,5495,1693500652545,zalando-poncho,COVERO_PONCHO_II_-_Cape_-_lightgrey
zalando-poncho-DESCHUTES_VALLEY™_RAIN_PONCHO_-_Parka_-_black,10795,1693515029997,zalando-poncho,DESCHUTES_VALLEY™_RAIN_PONCHO_-_Parka_-_black
zalando-poncho-DESCHUTES_VALLEY™_RAIN_PONCHO_-_Parka_-_vista_blue,16195,1693515030040,zalando-poncho,DESCHUTES_VALLEY™_RAIN_PONCHO_-_Parka_-_vista_blue
zalando-poncho-HIKING_BACKPACK_PONCHO_-_Veste_imperméable_-_blue,8995,1693515030126,zalando-poncho,HIKING_BACKPACK_PONCHO_-_Veste_imperméable_-_blue
zalando-poncho-COVERO_PONCHO_II_-_Cape_-_lightgrey,5495,1693515031252,zalando-poncho,COVERO_PONCHO_II_-_Cape_-_lightgrey
zalando-poncho-DESCHUTES_VALLEY™_RAIN_PONCHO_-_Parka_-_black,10795,1693543884460,zalando-poncho,DESCHUTES_VALLEY™_RAIN_PONCHO_-_Parka_-_black
zalando-poncho-DESCHUTES_VALLEY™_RAIN_PONCHO_-_Parka_-_vista_blue,16195,1693543884636,zalando-poncho,DESCHUTES_VALLEY™_RAIN_PONCHO_-_Parka_-_vista_blue
zalando-poncho-HIKING_BACKPACK_PONCHO_-_Veste_imperméable_-_blue,8995,1693543885314,zalando-poncho,HIKING_BACKPACK_PONCHO_-_Veste_imperméable_-_blue
zalando-poncho-COVERO_PONCHO_II_-_Cape_-_lightgrey,5495,1693543886558,zalando-poncho,COVERO_PONCHO_II_-_Cape_-_lightgrey
zalando-poncho-DESCHUTES_VALLEY™_RAIN_PONCHO_-_Parka_-_black,10795,1693558244834,zalando-poncho,DESCHUTES_VALLEY™_RAIN_PONCHO_-_Parka_-_black
zalando-poncho-DESCHUTES_VALLEY™_RAIN_PONCHO_-_Parka_-_vista_blue,16195,1693558244921,zalando-poncho,DESCHUTES_VALLEY™_RAIN_PONCHO_-_Parka_-_vista_blue
zalando-poncho-HIKING_BACKPACK_PONCHO_-_Veste_imperméable_-_blue,8995,1693558245523,zalando-poncho,HIKING_BACKPACK_PONCHO_-_Veste_imperméable_-_blue
zalando-poncho-COVERO_PONCHO_II_-_Cape_-_lightgrey,5495,1693558246602,zalando-poncho,COVERO_PONCHO_II_-_Cape_-_lightgrey
zalando-poncho-DESCHUTES_VALLEY™_RAIN_PONCHO_-_Parka_-_black,10795,1693573098247,zalando-poncho,DESCHUTES_VALLEY™_RAIN_PONCHO_-_Parka_-_black
zalando-poncho-DESCHUTES_VALLEY™_RAIN_PONCHO_-_Parka_-_vista_blue,16195,1693573098301,zalando-poncho,DESCHUTES_VALLEY™_RAIN_PONCHO_-_Parka_-_vista_blue
zalando-poncho-HIKING_BACKPACK_PONCHO_-_Veste_imperméable_-_blue,8995,1693573098359,zalando-poncho,HIKING_BACKPACK_PONCHO_-_Veste_imperméable_-_blue
zalando-poncho-DESCHUTES_VALLEY™_RAIN_PONCHO_-_Parka_-_black,10795,1693587036146,zalando-poncho,DESCHUTES_VALLEY™_RAIN_PONCHO_-_Parka_-_black
zalando-poncho-DESCHUTES_VALLEY™_RAIN_PONCHO_-_Parka_-_vista_blue,16195,1693587036227,zalando-poncho,DESCHUTES_VALLEY™_RAIN_PONCHO_-_Parka_-_vista_blue
zalando-poncho-HIKING_BACKPACK_PONCHO_-_Veste_imperméable_-_blue,8995,1693587036291,zalando-poncho,HIKING_BACKPACK_PONCHO_-_Veste_imperméable_-_blue
zalando-poncho-DESCHUTES_VALLEY™_RAIN_PONCHO_-_Parka_-_black,10795,1693601441889,zalando-poncho,DESCHUTES_VALLEY™_RAIN_PONCHO_-_Parka_-_black
zalando-poncho-DESCHUTES_VALLEY™_RAIN_PONCHO_-_Parka_-_vista_blue,16195,1693601441932,zalando-poncho,DESCHUTES_VALLEY™_RAIN_PONCHO_-_Parka_-_vista_blue
zalando-poncho-KUURA_3L_PONCHO_UNISEX_-_Veste_imperméable_-_green,12995,1693601442431,zalando-poncho,KUURA_3L_PONCHO_UNISEX_-_Veste_imperméable_-_green
zalando-poncho-HIKING_BACKPACK_PONCHO_-_Veste_imperméable_-_blue,8995,1693601442702,zalando-poncho,HIKING_BACKPACK_PONCHO_-_Veste_imperméable_-_blue
zalando-poncho-DESCHUTES_VALLEY™_RAIN_PONCHO_-_Parka_-_black,10795,1693630250675,zalando-poncho,DESCHUTES_VALLEY™_RAIN_PONCHO_-_Parka_-_black
zalando-poncho-DESCHUTES_VALLEY™_RAIN_PONCHO_-_Parka_-_vista_blue,16195,1693630250763,zalando-poncho,DESCHUTES_VALLEY™_RAIN_PONCHO_-_Parka_-_vista_blue
zalando-poncho-KUURA_3L_PONCHO_UNISEX_-_Veste_imperméable_-_green,12995,1693630250837,zalando-poncho,KUURA_3L_PONCHO_UNISEX_-_Veste_imperméable_-_green
zalando-poncho-HIKING_BACKPACK_PONCHO_-_Veste_imperméable_-_blue,8995,1693630251196,zalando-poncho,HIKING_BACKPACK_PONCHO_-_Veste_imperméable_-_blue
zalando-poncho-DESCHUTES_VALLEY™_RAIN_PONCHO_-_Parka_-_black,10795,1693644640148,zalando-poncho,DESCHUTES_VALLEY™_RAIN_PONCHO_-_Parka_-_black
zalando-poncho-DESCHUTES_VALLEY™_RAIN_PONCHO_-_Parka_-_vista_blue,16195,1693644640238,zalando-poncho,DESCHUTES_VALLEY™_RAIN_PONCHO_-_Parka_-_vista_blue
zalando-poncho-HIKING_BACKPACK_PONCHO_-_Veste_imperméable_-_blue,8995,1693644640295,zalando-poncho,HIKING_BACKPACK_PONCHO_-_Veste_imperméable_-_blue
zalando-poncho-KUURA_3L_PONCHO_UNISEX_-_Veste_imperméable_-_green,12995,1693644640351,zalando-poncho,KUURA_3L_PONCHO_UNISEX_-_Veste_imperméable_-_green
zalando-poncho-COVERO_PONCHO_II_-_Cape_-_lightgrey,5495,1693644641167,zalando-poncho,COVERO_PONCHO_II_-_Cape_-_lightgrey
zalando-poncho-DESCHUTES_VALLEY™_RAIN_PONCHO_-_Parka_-_black,10795,1693659322991,zalando-poncho,DESCHUTES_VALLEY™_RAIN_PONCHO_-_Parka_-_black
zalando-poncho-DESCHUTES_VALLEY™_RAIN_PONCHO_-_Parka_-_vista_blue,16195,1693659323094,zalando-poncho,DESCHUTES_VALLEY™_RAIN_PONCHO_-_Parka_-_vista_blue
zalando-poncho-HIKING_BACKPACK_PONCHO_-_Veste_imperméable_-_blue,8995,1693659323201,zalando-poncho,HIKING_BACKPACK_PONCHO_-_Veste_imperméable_-_blue
zalando-poncho-KUURA_3L_PONCHO_UNISEX_-_Veste_imperméable_-_green,12995,1693659324192,zalando-poncho,KUURA_3L_PONCHO_UNISEX_-_Veste_imperméable_-_green
zalando-poncho-COVERO_PONCHO_II_-_Cape_-_lightgrey,5495,1693659325022,zalando-poncho,COVERO_PONCHO_II_-_Cape_-_lightgrey
zalando-poncho-DESCHUTES_VALLEY™_RAIN_PONCHO_-_Parka_-_black,10795,1693673422891,zalando-poncho,DESCHUTES_VALLEY™_RAIN_PONCHO_-_Parka_-_black
zalando-poncho-DESCHUTES_VALLEY™_RAIN_PONCHO_-_Parka_-_vista_blue,16195,1693673422993,zalando-poncho,DESCHUTES_VALLEY™_RAIN_PONCHO_-_Parka_-_vista_blue
zalando-poncho-HIKING_BACKPACK_PONCHO_-_Veste_imperméable_-_blue,8995,1693673423469,zalando-poncho,HIKING_BACKPACK_PONCHO_-_Veste_imperméable_-_blue
zalando-poncho-COVERO_PONCHO_II_-_Cape_-_lightgrey,5495,1693673424086,zalando-poncho,COVERO_PONCHO_II_-_Cape_-_lightgrey
zalando-poncho-DESCHUTES_VALLEY™_RAIN_PONCHO_-_Parka_-_black,10795,1693687843120,zalando-poncho,DESCHUTES_VALLEY™_RAIN_PONCHO_-_Parka_-_black
zalando-poncho-DESCHUTES_VALLEY™_RAIN_PONCHO_-_Parka_-_vista_blue,16195,1693687843395,zalando-poncho,DESCHUTES_VALLEY™_RAIN_PONCHO_-_Parka_-_vista_blue
zalando-poncho-HIKING_BACKPACK_PONCHO_-_Veste_imperméable_-_blue,8995,1693687843569,zalando-poncho,HIKING_BACKPACK_PONCHO_-_Veste_imperméable_-_blue
zalando-poncho-COVERO_PONCHO_II_-_Cape_-_lightgrey,5495,1693687844365,zalando-poncho,COVERO_PONCHO_II_-_Cape_-_lightgrey
zalando-poncho-DESCHUTES_VALLEY™_RAIN_PONCHO_-_Parka_-_black,10795,1693716653526,zalando-poncho,DESCHUTES_VALLEY™_RAIN_PONCHO_-_Parka_-_black
zalando-poncho-DESCHUTES_VALLEY™_RAIN_PONCHO_-_Parka_-_vista_blue,16195,1693716653647,zalando-poncho,DESCHUTES_VALLEY™_RAIN_PONCHO_-_Parka_-_vista_blue
zalando-poncho-HIKING_BACKPACK_PONCHO_-_Veste_imperméable_-_blue,8995,1693716653937,zalando-poncho,HIKING_BACKPACK_PONCHO_-_Veste_imperméable_-_blue
zalando-poncho-COVERO_PONCHO_II_-_Cape_-_lightgrey,5495,1693716655197,zalando-poncho,COVERO_PONCHO_II_-_Cape_-_lightgrey
zalando-poncho-DESCHUTES_VALLEY™_RAIN_PONCHO_-_Parka_-_black,10795,1693741393513,zalando-poncho,DESCHUTES_VALLEY™_RAIN_PONCHO_-_Parka_-_black
zalando-poncho-DESCHUTES_VALLEY™_RAIN_PONCHO_-_Parka_-_vista_blue,16195,1693741394022,zalando-poncho,DESCHUTES_VALLEY™_RAIN_PONCHO_-_Parka_-_vista_blue
zalando-poncho-HIKING_BACKPACK_PONCHO_-_Veste_imperméable_-_blue,8995,1693741394316,zalando-poncho,HIKING_BACKPACK_PONCHO_-_Veste_imperméable_-_blue
zalando-poncho-COVERO_PONCHO_II_-_Cape_-_lightgrey,5495,1693741394654,zalando-poncho,COVERO_PONCHO_II_-_Cape_-_lightgrey
zalando-poncho-DESCHUTES_VALLEY™_RAIN_PONCHO_-_Parka_-_black,10795,1693745763353,zalando-poncho,DESCHUTES_VALLEY™_RAIN_PONCHO_-_Parka_-_black
zalando-poncho-DESCHUTES_VALLEY™_RAIN_PONCHO_-_Parka_-_vista_blue,16195,1693745763442,zalando-poncho,DESCHUTES_VALLEY™_RAIN_PONCHO_-_Parka_-_vista_blue
zalando-poncho-HIKING_BACKPACK_PONCHO_-_Veste_imperméable_-_blue,8995,1693745764228,zalando-poncho,HIKING_BACKPACK_PONCHO_-_Veste_imperméable_-_blue
zalando-poncho-COVERO_PONCHO_II_-_Cape_-_lightgrey,5495,1693745764920,zalando-poncho,COVERO_PONCHO_II_-_Cape_-_lightgrey
zalando-poncho-DESCHUTES_VALLEY™_RAIN_PONCHO_-_Parka_-_black,10795,1693759840032,zalando-poncho,DESCHUTES_VALLEY™_RAIN_PONCHO_-_Parka_-_black
zalando-poncho-DESCHUTES_VALLEY™_RAIN_PONCHO_-_Parka_-_vista_blue,16195,1693759840194,zalando-poncho,DESCHUTES_VALLEY™_RAIN_PONCHO_-_Parka_-_vista_blue
zalando-poncho-COVERO_PONCHO_II_-_Cape_-_lightgrey,5495,1693759841308,zalando-poncho,COVERO_PONCHO_II_-_Cape_-_lightgrey
zalando-poncho-DESCHUTES_VALLEY™_RAIN_PONCHO_-_Parka_-_black,10795,1693774251203,zalando-poncho,DESCHUTES_VALLEY™_RAIN_PONCHO_-_Parka_-_black
zalando-poncho-DESCHUTES_VALLEY™_RAIN_PONCHO_-_Parka_-_vista_blue,16195,1693774251289,zalando-poncho,DESCHUTES_VALLEY™_RAIN_PONCHO_-_Parka_-_vista_blue
zalando-poncho-COVERO_PONCHO_II_-_Cape_-_lightgrey,5495,1693774252368,zalando-poncho,COVERO_PONCHO_II_-_Cape_-_lightgrey
zalando-poncho-DESCHUTES_VALLEY™_RAIN_PONCHO_-_Parka_-_black,10795,1693803052002,zalando-poncho,DESCHUTES_VALLEY™_RAIN_PONCHO_-_Parka_-_black
zalando-poncho-DESCHUTES_VALLEY™_RAIN_PONCHO_-_Parka_-_vista_blue,16195,1693803052682,zalando-poncho,DESCHUTES_VALLEY™_RAIN_PONCHO_-_Parka_-_vista_blue
zalando-poncho-COVERO_PONCHO_II_-_Cape_-_lightgrey,5495,1693803053236,zalando-poncho,COVERO_PONCHO_II_-_Cape_-_lightgrey
zalando-poncho-DESCHUTES_VALLEY™_RAIN_PONCHO_-_Parka_-_black,10795,1693817481300,zalando-poncho,DESCHUTES_VALLEY™_RAIN_PONCHO_-_Parka_-_black
zalando-poncho-DESCHUTES_VALLEY™_RAIN_PONCHO_-_Parka_-_vista_blue,16195,1693817482064,zalando-poncho,DESCHUTES_VALLEY™_RAIN_PONCHO_-_Parka_-_vista_blue
zalando-poncho-KUURA_3L_PONCHO_UNISEX_-_Veste_imperméable_-_green,12995,1693817482486,zalando-poncho,KUURA_3L_PONCHO_UNISEX_-_Veste_imperméable_-_green
zalando-poncho-COVERO_PONCHO_II_-_Cape_-_lightgrey,5495,1693817482916,zalando-poncho,COVERO_PONCHO_II_-_Cape_-_lightgrey
zalando-poncho-DESCHUTES_VALLEY™_RAIN_PONCHO_-_Parka_-_black,10795,1693832350623,zalando-poncho,DESCHUTES_VALLEY™_RAIN_PONCHO_-_Parka_-_black
zalando-poncho-DESCHUTES_VALLEY™_RAIN_PONCHO_-_Parka_-_vista_blue,16195,1693832350925,zalando-poncho,DESCHUTES_VALLEY™_RAIN_PONCHO_-_Parka_-_vista_blue
zalando-poncho-KUURA_3L_PONCHO_UNISEX_-_Veste_imperméable_-_green,12995,1693832351179,zalando-poncho,KUURA_3L_PONCHO_UNISEX_-_Veste_imperméable_-_green
zalando-poncho-COVERO_PONCHO_II_-_Cape_-_lightgrey,5495,1693832351465,zalando-poncho,COVERO_PONCHO_II_-_Cape_-_lightgrey
zalando-poncho-DESCHUTES_VALLEY™_RAIN_PONCHO_-_Parka_-_black,10795,1693846235049,zalando-poncho,DESCHUTES_VALLEY™_RAIN_PONCHO_-_Parka_-_black
zalando-poncho-DESCHUTES_VALLEY™_RAIN_PONCHO_-_Parka_-_vista_blue,16195,1693846235090,zalando-poncho,DESCHUTES_VALLEY™_RAIN_PONCHO_-_Parka_-_vista_blue
zalando-poncho-KUURA_3L_PONCHO_UNISEX_-_Veste_imperméable_-_green,12995,1693846235126,zalando-poncho,KUURA_3L_PONCHO_UNISEX_-_Veste_imperméable_-_green
zalando-poncho-COVERO_PONCHO_II_-_Cape_-_lightgrey,5495,1693846236135,zalando-poncho,COVERO_PONCHO_II_-_Cape_-_lightgrey
zalando-poncho-DESCHUTES_VALLEY™_RAIN_PONCHO_-_Parka_-_black,10795,1693860624818,zalando-poncho,DESCHUTES_VALLEY™_RAIN_PONCHO_-_Parka_-_black
zalando-poncho-DESCHUTES_VALLEY™_RAIN_PONCHO_-_Parka_-_vista_blue,16195,1693860624911,zalando-poncho,DESCHUTES_VALLEY™_RAIN_PONCHO_-_Parka_-_vista_blue
zalando-poncho-KUURA_3L_PONCHO_UNISEX_-_Veste_imperméable_-_green,12995,1693860624992,zalando-poncho,KUURA_3L_PONCHO_UNISEX_-_Veste_imperméable_-_green
zalando-poncho-COVERO_PONCHO_II_-_Cape_-_lightgrey,5495,1693860625831,zalando-poncho,COVERO_PONCHO_II_-_Cape_-_lightgrey
zalando-poncho-DESCHUTES_VALLEY™_RAIN_PONCHO_-_Parka_-_black,13495,1693889524019,zalando-poncho,DESCHUTES_VALLEY™_RAIN_PONCHO_-_Parka_-_black
zalando-poncho-DESCHUTES_VALLEY™_RAIN_PONCHO_-_Parka_-_vista_blue,10795,1693889524145,zalando-poncho,DESCHUTES_VALLEY™_RAIN_PONCHO_-_Parka_-_vista_blue
zalando-poncho-KUURA_3L_PONCHO_UNISEX_-_Veste_imperméable_-_green,16995,1693889524981,zalando-poncho,KUURA_3L_PONCHO_UNISEX_-_Veste_imperméable_-_green
zalando-poncho-COVERO_PONCHO_II_-_Cape_-_lightgrey,5495,1693889525457,zalando-poncho,COVERO_PONCHO_II_-_Cape_-_lightgrey
zalando-poncho-DESCHUTES_VALLEY™_RAIN_PONCHO_-_Parka_-_black,13495,1693903934720,zalando-poncho,DESCHUTES_VALLEY™_RAIN_PONCHO_-_Parka_-_black
zalando-poncho-DESCHUTES_VALLEY™_RAIN_PONCHO_-_Parka_-_vista_blue,10795,1693903934889,zalando-poncho,DESCHUTES_VALLEY™_RAIN_PONCHO_-_Parka_-_vista_blue
zalando-poncho-KUURA_3L_PONCHO_UNISEX_-_Veste_imperméable_-_green,16995,1693903935540,zalando-poncho,KUURA_3L_PONCHO_UNISEX_-_Veste_imperméable_-_green
zalando-poncho-COVERO_PONCHO_II_-_Cape_-_lightgrey,5495,1693903936178,zalando-poncho,COVERO_PONCHO_II_-_Cape_-_lightgrey
zalando-poncho-DESCHUTES_VALLEY™_RAIN_PONCHO_-_Parka_-_black,13495,1693918733375,zalando-poncho,DESCHUTES_VALLEY™_RAIN_PONCHO_-_Parka_-_black
zalando-poncho-DESCHUTES_VALLEY™_RAIN_PONCHO_-_Parka_-_vista_blue,10795,1693918733773,zalando-poncho,DESCHUTES_VALLEY™_RAIN_PONCHO_-_Parka_-_vista_blue
zalando-poncho-KUURA_3L_PONCHO_UNISEX_-_Veste_imperméable_-_green,16995,1693918734030,zalando-poncho,KUURA_3L_PONCHO_UNISEX_-_Veste_imperméable_-_green
zalando-poncho-COVERO_PONCHO_II_-_Cape_-_lightgrey,5495,1693918734500,zalando-poncho,COVERO_PONCHO_II_-_Cape_-_lightgrey
zalando-poncho-DESCHUTES_VALLEY™_RAIN_PONCHO_-_Parka_-_black,13495,1693932668807,zalando-poncho,DESCHUTES_VALLEY™_RAIN_PONCHO_-_Parka_-_black
zalando-poncho-DESCHUTES_VALLEY™_RAIN_PONCHO_-_Parka_-_vista_blue,10795,1693932669008,zalando-poncho,DESCHUTES_VALLEY™_RAIN_PONCHO_-_Parka_-_vista_blue
zalando-poncho-KUURA_3L_PONCHO_UNISEX_-_Veste_imperméable_-_green,16995,1693932669109,zalando-poncho,KUURA_3L_PONCHO_UNISEX_-_Veste_imperméable_-_green
zalando-poncho-COVERO_PONCHO_II_-_Cape_-_lightgrey,5495,1693932670239,zalando-poncho,COVERO_PONCHO_II_-_Cape_-_lightgrey
zalando-poncho-DESCHUTES_VALLEY™_RAIN_PONCHO_-_Parka_-_black,13495,1693947035083,zalando-poncho,DESCHUTES_VALLEY™_RAIN_PONCHO_-_Parka_-_black
zalando-poncho-DESCHUTES_VALLEY™_RAIN_PONCHO_-_Parka_-_vista_blue,10795,1693947035118,zalando-poncho,DESCHUTES_VALLEY™_RAIN_PONCHO_-_Parka_-_vista_blue
zalando-poncho-KUURA_3L_PONCHO_UNISEX_-_Veste_imperméable_-_green,16995,1693947035673,zalando-poncho,KUURA_3L_PONCHO_UNISEX_-_Veste_imperméable_-_green
zalando-poncho-COVERO_PONCHO_II_-_Cape_-_lightgrey,5495,1693947036074,zalando-poncho,COVERO_PONCHO_II_-_Cape_-_lightgrey
zalando-poncho-DESCHUTES_VALLEY™_RAIN_PONCHO_-_Parka_-_black,13495,1693975843462,zalando-poncho,DESCHUTES_VALLEY™_RAIN_PONCHO_-_Parka_-_black
zalando-poncho-DESCHUTES_VALLEY™_RAIN_PONCHO_-_Parka_-_vista_blue,10795,1693975844201,zalando-poncho,DESCHUTES_VALLEY™_RAIN_PONCHO_-_Parka_-_vista_blue
zalando-poncho-KUURA_3L_PONCHO_UNISEX_-_Veste_imperméable_-_green,16995,1693975844547,zalando-poncho,KUURA_3L_PONCHO_UNISEX_-_Veste_imperméable_-_green
zalando-poncho-DESCHUTES_VALLEY™_RAIN_PONCHO_-_Parka_-_vista_blue,10795,1693990240773,zalando-poncho,DESCHUTES_VALLEY™_RAIN_PONCHO_-_Parka_-_vista_blue
zalando-poncho-DESCHUTES_VALLEY™_RAIN_PONCHO_-_Parka_-_black,13495,1693990240842,zalando-poncho,DESCHUTES_VALLEY™_RAIN_PONCHO_-_Parka_-_black
zalando-poncho-KUURA_3L_PONCHO_UNISEX_-_Veste_imperméable_-_green,16995,1693990240914,zalando-poncho,KUURA_3L_PONCHO_UNISEX_-_Veste_imperméable_-_green
zalando-poncho-DESCHUTES_VALLEY™_RAIN_PONCHO_-_Parka_-_black,13495,1694005174856,zalando-poncho,DESCHUTES_VALLEY™_RAIN_PONCHO_-_Parka_-_black
zalando-poncho-DESCHUTES_VALLEY™_RAIN_PONCHO_-_Parka_-_vista_blue,10795,1694005175547,zalando-poncho,DESCHUTES_VALLEY™_RAIN_PONCHO_-_Parka_-_vista_blue
zalando-poncho-KUURA_3L_PONCHO_UNISEX_-_Veste_imperméable_-_green,16995,1694005176005,zalando-poncho,KUURA_3L_PONCHO_UNISEX_-_Veste_imperméable_-_green
zalando-poncho-DESCHUTES_VALLEY™_RAIN_PONCHO_-_Parka_-_vista_blue,10795,1694019039606,zalando-poncho,DESCHUTES_VALLEY™_RAIN_PONCHO_-_Parka_-_vista_blue
zalando-poncho-DESCHUTES_VALLEY™_RAIN_PONCHO_-_Parka_-_black,13495,1694019039666,zalando-poncho,DESCHUTES_VALLEY™_RAIN_PONCHO_-_Parka_-_black
zalando-poncho-KUURA_3L_PONCHO_UNISEX_-_Veste_imperméable_-_green,16995,1694019039745,zalando-poncho,KUURA_3L_PONCHO_UNISEX_-_Veste_imperméable_-_green
zalando-poncho-DESCHUTES_VALLEY™_RAIN_PONCHO_-_Parka_-_vista_blue,10795,1694033448969,zalando-poncho,DESCHUTES_VALLEY™_RAIN_PONCHO_-_Parka_-_vista_blue
zalando-poncho-DESCHUTES_VALLEY™_RAIN_PONCHO_-_Parka_-_black,13495,1694033449065,zalando-poncho,DESCHUTES_VALLEY™_RAIN_PONCHO_-_Parka_-_black
zalando-poncho-KUURA_3L_PONCHO_UNISEX_-_Veste_imperméable_-_green,16995,1694033449675,zalando-poncho,KUURA_3L_PONCHO_UNISEX_-_Veste_imperméable_-_green
zalando-poncho-DESCHUTES_VALLEY™_RAIN_PONCHO_-_Parka_-_black,13495,1694062282704,zalando-poncho,DESCHUTES_VALLEY™_RAIN_PONCHO_-_Parka_-_black
zalando-poncho-DESCHUTES_VALLEY™_RAIN_PONCHO_-_Parka_-_vista_blue,10795,1694062282813,zalando-poncho,DESCHUTES_VALLEY™_RAIN_PONCHO_-_Parka_-_vista_blue
zalando-poncho-KUURA_3L_PONCHO_UNISEX_-_Veste_imperméable_-_green,16995,1694062282921,zalando-poncho,KUURA_3L_PONCHO_UNISEX_-_Veste_imperméable_-_green
zalando-poncho-DESCHUTES_VALLEY™_RAIN_PONCHO_-_Parka_-_vista_blue,10795,1694076663886,zalando-poncho,DESCHUTES_VALLEY™_RAIN_PONCHO_-_Parka_-_vista_blue
zalando-poncho-DESCHUTES_VALLEY™_RAIN_PONCHO_-_Parka_-_black,13495,1694076663972,zalando-poncho,DESCHUTES_VALLEY™_RAIN_PONCHO_-_Parka_-_black
zalando-poncho-KUURA_3L_PONCHO_UNISEX_-_Veste_imperméable_-_green,16995,1694076664137,zalando-poncho,KUURA_3L_PONCHO_UNISEX_-_Veste_imperméable_-_green
zalando-poncho-DESCHUTES_VALLEY™_RAIN_PONCHO_-_Parka_-_vista_blue,10795,1694091512421,zalando-poncho,DESCHUTES_VALLEY™_RAIN_PONCHO_-_Parka_-_vista_blue
zalando-poncho-DESCHUTES_VALLEY™_RAIN_PONCHO_-_Parka_-_black,13495,1694091512480,zalando-poncho,DESCHUTES_VALLEY™_RAIN_PONCHO_-_Parka_-_black
zalando-poncho-KUURA_3L_PONCHO_UNISEX_-_Veste_imperméable_-_green,16995,1694091512770,zalando-poncho,KUURA_3L_PONCHO_UNISEX_-_Veste_imperméable_-_green
zalando-poncho-DESCHUTES_VALLEY™_RAIN_PONCHO_-_Parka_-_vista_blue,10795,1694105456825,zalando-poncho,DESCHUTES_VALLEY™_RAIN_PONCHO_-_Parka_-_vista_blue
zalando-poncho-DESCHUTES_VALLEY™_RAIN_PONCHO_-_Parka_-_black,13495,1694105456983,zalando-poncho,DESCHUTES_VALLEY™_RAIN_PONCHO_-_Parka_-_black
zalando-poncho-KUURA_3L_PONCHO_UNISEX_-_Veste_imperméable_-_green,16995,1694105457036,zalando-poncho,KUURA_3L_PONCHO_UNISEX_-_Veste_imperméable_-_green
zalando-poncho-DESCHUTES_VALLEY™_RAIN_PONCHO_-_Parka_-_vista_blue,10795,1694119853952,zalando-poncho,DESCHUTES_VALLEY™_RAIN_PONCHO_-_Parka_-_vista_blue
zalando-poncho-DESCHUTES_VALLEY™_RAIN_PONCHO_-_Parka_-_black,13495,1694119854127,zalando-poncho,DESCHUTES_VALLEY™_RAIN_PONCHO_-_Parka_-_black
zalando-poncho-KUURA_3L_PONCHO_UNISEX_-_Veste_imperméable_-_green,16995,1694119854219,zalando-poncho,KUURA_3L_PONCHO_UNISEX_-_Veste_imperméable_-_green
zalando-poncho-DESCHUTES_VALLEY™_RAIN_PONCHO_-_Parka_-_black,13495,1694157715090,zalando-poncho,DESCHUTES_VALLEY™_RAIN_PONCHO_-_Parka_-_black
zalando-poncho-DESCHUTES_VALLEY™_RAIN_PONCHO_-_Parka_-_vista_blue,10795,1694157715172,zalando-poncho,DESCHUTES_VALLEY™_RAIN_PONCHO_-_Parka_-_vista_blue
zalando-poncho-KUURA_3L_PONCHO_UNISEX_-_Veste_imperméable_-_green,16995,1694157715299,zalando-poncho,KUURA_3L_PONCHO_UNISEX_-_Veste_imperméable_-_green
zalando-poncho-DESCHUTES_VALLEY™_RAIN_PONCHO_-_Parka_-_vista_blue,10795,1694163032786,zalando-poncho,DESCHUTES_VALLEY™_RAIN_PONCHO_-_Parka_-_vista_blue
zalando-poncho-DESCHUTES_VALLEY™_RAIN_PONCHO_-_Parka_-_black,13495,1694163033310,zalando-poncho,DESCHUTES_VALLEY™_RAIN_PONCHO_-_Parka_-_black
zalando-poncho-KUURA_3L_PONCHO_UNISEX_-_Veste_imperméable_-_green,16995,1694163033648,zalando-poncho,KUURA_3L_PONCHO_UNISEX_-_Veste_imperméable_-_green
zalando-poncho-DESCHUTES_VALLEY™_RAIN_PONCHO_-_Parka_-_vista_blue,10795,1694177874133,zalando-poncho,DESCHUTES_VALLEY™_RAIN_PONCHO_-_Parka_-_vista_blue
zalando-poncho-DESCHUTES_VALLEY™_RAIN_PONCHO_-_Parka_-_black,13495,1694177874185,zalando-poncho,DESCHUTES_VALLEY™_RAIN_PONCHO_-_Parka_-_black
zalando-poncho-KUURA_3L_PONCHO_UNISEX_-_Veste_imperméable_-_green,16995,1694177874238,zalando-poncho,KUURA_3L_PONCHO_UNISEX_-_Veste_imperméable_-_green
zalando-poncho-DESCHUTES_VALLEY™_RAIN_PONCHO_-_Parka_-_vista_blue,10795,1694191824366,zalando-poncho,DESCHUTES_VALLEY™_RAIN_PONCHO_-_Parka_-_vista_blue
zalando-poncho-DESCHUTES_VALLEY™_RAIN_PONCHO_-_Parka_-_black,13495,1694191824465,zalando-poncho,DESCHUTES_VALLEY™_RAIN_PONCHO_-_Parka_-_black
zalando-poncho-KUURA_3L_PONCHO_UNISEX_-_Veste_imperméable_-_green,16995,1694191824554,zalando-poncho,KUURA_3L_PONCHO_UNISEX_-_Veste_imperméable_-_green
zalando-poncho-COVERO_PONCHO_II_-_Cape_-_lightgrey,4145,1694191824657,zalando-poncho,COVERO_PONCHO_II_-_Cape_-_lightgrey
zalando-poncho-DESCHUTES_VALLEY™_RAIN_PONCHO_-_Parka_-_vista_blue,10795,1694206240741,zalando-poncho,DESCHUTES_VALLEY™_RAIN_PONCHO_-_Parka_-_vista_blue
zalando-poncho-DESCHUTES_VALLEY™_RAIN_PONCHO_-_Parka_-_black,13495,1694206240824,zalando-poncho,DESCHUTES_VALLEY™_RAIN_PONCHO_-_Parka_-_black
zalando-poncho-KUURA_3L_PONCHO_UNISEX_-_Veste_imperméable_-_green,16995,1694206240949,zalando-poncho,KUURA_3L_PONCHO_UNISEX_-_Veste_imperméable_-_green
zalando-poncho-DESCHUTES_VALLEY™_RAIN_PONCHO_-_Parka_-_vista_blue,10795,1694235012248,zalando-poncho,DESCHUTES_VALLEY™_RAIN_PONCHO_-_Parka_-_vista_blue
zalando-poncho-DESCHUTES_VALLEY™_RAIN_PONCHO_-_Parka_-_black,13495,1694235012311,zalando-poncho,DESCHUTES_VALLEY™_RAIN_PONCHO_-_Parka_-_black
zalando-poncho-KUURA_3L_PONCHO_UNISEX_-_Veste_imperméable_-_green,16995,1694235012369,zalando-poncho,KUURA_3L_PONCHO_UNISEX_-_Veste_imperméable_-_green
zalando-poncho-DESCHUTES_VALLEY™_RAIN_PONCHO_-_Parka_-_black,13495,1694249435315,zalando-poncho,DESCHUTES_VALLEY™_RAIN_PONCHO_-_Parka_-_black
zalando-poncho-DESCHUTES_VALLEY™_RAIN_PONCHO_-_Parka_-_vista_blue,10795,1694249435434,zalando-poncho,DESCHUTES_VALLEY™_RAIN_PONCHO_-_Parka_-_vista_blue
zalando-poncho-KUURA_3L_PONCHO_UNISEX_-_Veste_imperméable_-_green,16995,1694249435544,zalando-poncho,KUURA_3L_PONCHO_UNISEX_-_Veste_imperméable_-_green
zalando-poncho-DESCHUTES_VALLEY™_RAIN_PONCHO_-_Parka_-_black,13495,1694264114478,zalando-poncho,DESCHUTES_VALLEY™_RAIN_PONCHO_-_Parka_-_black
zalando-poncho-DESCHUTES_VALLEY™_RAIN_PONCHO_-_Parka_-_vista_blue,10795,1694264114554,zalando-poncho,DESCHUTES_VALLEY™_RAIN_PONCHO_-_Parka_-_vista_blue
zalando-poncho-KUURA_3L_PONCHO_UNISEX_-_Veste_imperméable_-_green,16995,1694264114861,zalando-poncho,KUURA_3L_PONCHO_UNISEX_-_Veste_imperméable_-_green
zalando-poncho-DESCHUTES_VALLEY™_RAIN_PONCHO_-_Parka_-_black,13495,1694278234061,zalando-poncho,DESCHUTES_VALLEY™_RAIN_PONCHO_-_Parka_-_black
zalando-poncho-DESCHUTES_VALLEY™_RAIN_PONCHO_-_Parka_-_vista_blue,10795,1694278234144,zalando-poncho,DESCHUTES_VALLEY™_RAIN_PONCHO_-_Parka_-_vista_blue
zalando-poncho-KUURA_3L_PONCHO_UNISEX_-_Veste_imperméable_-_green,16995,1694278234228,zalando-poncho,KUURA_3L_PONCHO_UNISEX_-_Veste_imperméable_-_green
zalando-poncho-DESCHUTES_VALLEY™_RAIN_PONCHO_-_Parka_-_black,13495,1694292637150,zalando-poncho,DESCHUTES_VALLEY™_RAIN_PONCHO_-_Parka_-_black
zalando-poncho-DESCHUTES_VALLEY™_RAIN_PONCHO_-_Parka_-_vista_blue,10795,1694292637235,zalando-poncho,DESCHUTES_VALLEY™_RAIN_PONCHO_-_Parka_-_vista_blue
zalando-poncho-KUURA_3L_PONCHO_UNISEX_-_Veste_imperméable_-_green,16995,1694292637288,zalando-poncho,KUURA_3L_PONCHO_UNISEX_-_Veste_imperméable_-_green
zalando-poncho-DESCHUTES_VALLEY™_RAIN_PONCHO_-_Parka_-_vista_blue,10795,1694321442809,zalando-poncho,DESCHUTES_VALLEY™_RAIN_PONCHO_-_Parka_-_vista_blue
zalando-poncho-DESCHUTES_VALLEY™_RAIN_PONCHO_-_Parka_-_black,13495,1694321442943,zalando-poncho,DESCHUTES_VALLEY™_RAIN_PONCHO_-_Parka_-_black
zalando-poncho-KUURA_3L_PONCHO_UNISEX_-_Veste_imperméable_-_green,16995,1694321443040,zalando-poncho,KUURA_3L_PONCHO_UNISEX_-_Veste_imperméable_-_green
zalando-poncho-DESCHUTES_VALLEY™_RAIN_PONCHO_-_Parka_-_vista_blue,10795,1694335827516,zalando-poncho,DESCHUTES_VALLEY™_RAIN_PONCHO_-_Parka_-_vista_blue
zalando-poncho-DESCHUTES_VALLEY™_RAIN_PONCHO_-_Parka_-_black,13495,1694335828318,zalando-poncho,DESCHUTES_VALLEY™_RAIN_PONCHO_-_Parka_-_black
zalando-poncho-KUURA_3L_PONCHO_UNISEX_-_Veste_imperméable_-_green,16995,1694335828503,zalando-poncho,KUURA_3L_PONCHO_UNISEX_-_Veste_imperméable_-_green
zalando-poncho-COVERO_PONCHO_II_-_Cape_-_lightgrey,5495,1694335828697,zalando-poncho,COVERO_PONCHO_II_-_Cape_-_lightgrey
zalando-poncho-DESCHUTES_VALLEY™_RAIN_PONCHO_-_Parka_-_vista_blue,10795,1694350511900,zalando-poncho,DESCHUTES_VALLEY™_RAIN_PONCHO_-_Parka_-_vista_blue
zalando-poncho-DESCHUTES_VALLEY™_RAIN_PONCHO_-_Parka_-_black,13495,1694350512274,zalando-poncho,DESCHUTES_VALLEY™_RAIN_PONCHO_-_Parka_-_black
zalando-poncho-KUURA_3L_PONCHO_UNISEX_-_Veste_imperméable_-_green,16995,1694350513036,zalando-poncho,KUURA_3L_PONCHO_UNISEX_-_Veste_imperméable_-_green
zalando-poncho-COVERO_PONCHO_II_-_Cape_-_lightgrey,5495,1694350513182,zalando-poncho,COVERO_PONCHO_II_-_Cape_-_lightgrey
zalando-poncho-DESCHUTES_VALLEY™_RAIN_PONCHO_-_Parka_-_vista_blue,10795,1694364620134,zalando-poncho,DESCHUTES_VALLEY™_RAIN_PONCHO_-_Parka_-_vista_blue
zalando-poncho-DESCHUTES_VALLEY™_RAIN_PONCHO_-_Parka_-_black,13495,1694364620197,zalando-poncho,DESCHUTES_VALLEY™_RAIN_PONCHO_-_Parka_-_black
zalando-poncho-KUURA_3L_PONCHO_UNISEX_-_Veste_imperméable_-_green,16995,1694364620273,zalando-poncho,KUURA_3L_PONCHO_UNISEX_-_Veste_imperméable_-_green
zalando-poncho-COVERO_PONCHO_II_-_Cape_-_lightgrey,5495,1694364620337,zalando-poncho,COVERO_PONCHO_II_-_Cape_-_lightgrey
zalando-poncho-DESCHUTES_VALLEY™_RAIN_PONCHO_-_Parka_-_vista_blue,10795,1694379023022,zalando-poncho,DESCHUTES_VALLEY™_RAIN_PONCHO_-_Parka_-_vista_blue
zalando-poncho-DESCHUTES_VALLEY™_RAIN_PONCHO_-_Parka_-_black,13495,1694379023105,zalando-poncho,DESCHUTES_VALLEY™_RAIN_PONCHO_-_Parka_-_black
zalando-poncho-KUURA_3L_PONCHO_UNISEX_-_Veste_imperméable_-_green,16995,1694379023619,zalando-poncho,KUURA_3L_PONCHO_UNISEX_-_Veste_imperméable_-_green
zalando-poncho-COVERO_PONCHO_II_-_Cape_-_lightgrey,5495,1694379024052,zalando-poncho,COVERO_PONCHO_II_-_Cape_-_lightgrey
zalando-poncho-DESCHUTES_VALLEY™_RAIN_PONCHO_-_Parka_-_vista_blue,10795,1694407818743,zalando-poncho,DESCHUTES_VALLEY™_RAIN_PONCHO_-_Parka_-_vista_blue
zalando-poncho-DESCHUTES_VALLEY™_RAIN_PONCHO_-_Parka_-_black,13495,1694407818814,zalando-poncho,DESCHUTES_VALLEY™_RAIN_PONCHO_-_Parka_-_black
zalando-poncho-KUURA_3L_PONCHO_UNISEX_-_Veste_imperméable_-_green,16995,1694407818999,zalando-poncho,KUURA_3L_PONCHO_UNISEX_-_Veste_imperméable_-_green
zalando-poncho-COVERO_PONCHO_II_-_Cape_-_lightgrey,5495,1694407819465,zalando-poncho,COVERO_PONCHO_II_-_Cape_-_lightgrey
zalando-poncho-DESCHUTES_VALLEY™_RAIN_PONCHO_-_Parka_-_vista_blue,10795,1694422225093,zalando-poncho,DESCHUTES_VALLEY™_RAIN_PONCHO_-_Parka_-_vista_blue
zalando-poncho-DESCHUTES_VALLEY™_RAIN_PONCHO_-_Parka_-_black,13495,1694422225683,zalando-poncho,DESCHUTES_VALLEY™_RAIN_PONCHO_-_Parka_-_black
zalando-poncho-KUURA_3L_PONCHO_UNISEX_-_Veste_imperméable_-_green,16995,1694422225934,zalando-poncho,KUURA_3L_PONCHO_UNISEX_-_Veste_imperméable_-_green
zalando-poncho-HIKING_BACKPACK_PONCHO_-_Veste_imperméable_-_blue,8995,1694422226064,zalando-poncho,HIKING_BACKPACK_PONCHO_-_Veste_imperméable_-_blue
zalando-poncho-COVERO_PONCHO_II_-_Cape_-_lightgrey,5495,1694422226135,zalando-poncho,COVERO_PONCHO_II_-_Cape_-_lightgrey
zalando-poncho-DESCHUTES_VALLEY™_RAIN_PONCHO_-_Parka_-_vista_blue,10795,1694437168254,zalando-poncho,DESCHUTES_VALLEY™_RAIN_PONCHO_-_Parka_-_vista_blue
zalando-poncho-DESCHUTES_VALLEY™_RAIN_PONCHO_-_Parka_-_black,13495,1694437168395,zalando-poncho,DESCHUTES_VALLEY™_RAIN_PONCHO_-_Parka_-_black
zalando-poncho-KUURA_3L_PONCHO_UNISEX_-_Veste_imperméable_-_green,16995,1694437168564,zalando-poncho,KUURA_3L_PONCHO_UNISEX_-_Veste_imperméable_-_green
zalando-poncho-HIKING_BACKPACK_PONCHO_-_Veste_imperméable_-_blue,8995,1694437169603,zalando-poncho,HIKING_BACKPACK_PONCHO_-_Veste_imperméable_-_blue
zalando-poncho-COVERO_PONCHO_II_-_Cape_-_lightgrey,5495,1694437170169,zalando-poncho,COVERO_PONCHO_II_-_Cape_-_lightgrey
zalando-poncho-DESCHUTES_VALLEY™_RAIN_PONCHO_-_Parka_-_vista_blue,10795,1694451029176,zalando-poncho,DESCHUTES_VALLEY™_RAIN_PONCHO_-_Parka_-_vista_blue
zalando-poncho-DESCHUTES_VALLEY™_RAIN_PONCHO_-_Parka_-_black,13495,1694451029443,zalando-poncho,DESCHUTES_VALLEY™_RAIN_PONCHO_-_Parka_-_black
zalando-poncho-KUURA_3L_PONCHO_UNISEX_-_Veste_imperméable_-_green,16995,1694451029527,zalando-poncho,KUURA_3L_PONCHO_UNISEX_-_Veste_imperméable_-_green
zalando-poncho-HIKING_BACKPACK_PONCHO_-_Veste_imperméable_-_blue,8995,1694451029650,zalando-poncho,HIKING_BACKPACK_PONCHO_-_Veste_imperméable_-_blue
zalando-poncho-COVERO_PONCHO_II_-_Cape_-_lightgrey,5495,1694451029860,zalando-poncho,COVERO_PONCHO_II_-_Cape_-_lightgrey
zalando-poncho-DESCHUTES_VALLEY™_RAIN_PONCHO_-_Parka_-_vista_blue,10795,1694465418676,zalando-poncho,DESCHUTES_VALLEY™_RAIN_PONCHO_-_Parka_-_vista_blue
zalando-poncho-DESCHUTES_VALLEY™_RAIN_PONCHO_-_Parka_-_black,13495,1694465418822,zalando-poncho,DESCHUTES_VALLEY™_RAIN_PONCHO_-_Parka_-_black
zalando-poncho-HIKING_BACKPACK_PONCHO_-_Veste_imperméable_-_blue,8995,1694465418898,zalando-poncho,HIKING_BACKPACK_PONCHO_-_Veste_imperméable_-_blue
zalando-poncho-COVERO_PONCHO_II_-_Cape_-_lightgrey,5495,1694465418999,zalando-poncho,COVERO_PONCHO_II_-_Cape_-_lightgrey
zalando-poncho-DESCHUTES_VALLEY™_RAIN_PONCHO_-_Parka_-_vista_blue,10795,1694494238203,zalando-poncho,DESCHUTES_VALLEY™_RAIN_PONCHO_-_Parka_-_vista_blue
zalando-poncho-DESCHUTES_VALLEY™_RAIN_PONCHO_-_Parka_-_black,13495,1694494238358,zalando-poncho,DESCHUTES_VALLEY™_RAIN_PONCHO_-_Parka_-_black
zalando-poncho-KUURA_3L_PONCHO_UNISEX_-_Veste_imperméable_-_green,16995,1694494238428,zalando-poncho,KUURA_3L_PONCHO_UNISEX_-_Veste_imperméable_-_green
zalando-poncho-HIKING_BACKPACK_PONCHO_-_Veste_imperméable_-_blue,8995,1694494238607,zalando-poncho,HIKING_BACKPACK_PONCHO_-_Veste_imperméable_-_blue
zalando-poncho-COVERO_PONCHO_II_-_Cape_-_lightgrey,5495,1694494238729,zalando-poncho,COVERO_PONCHO_II_-_Cape_-_lightgrey
zalando-poncho-DESCHUTES_VALLEY™_RAIN_PONCHO_-_Parka_-_vista_blue,10795,1694508620768,zalando-poncho,DESCHUTES_VALLEY™_RAIN_PONCHO_-_Parka_-_vista_blue
zalando-poncho-DESCHUTES_VALLEY™_RAIN_PONCHO_-_Parka_-_black,13495,1694508621494,zalando-poncho,DESCHUTES_VALLEY™_RAIN_PONCHO_-_Parka_-_black
zalando-poncho-KUURA_3L_PONCHO_UNISEX_-_Veste_imperméable_-_green,16995,1694508621770,zalando-poncho,KUURA_3L_PONCHO_UNISEX_-_Veste_imperméable_-_green
zalando-poncho-HIKING_BACKPACK_PONCHO_-_Veste_imperméable_-_blue,8995,1694508621964,zalando-poncho,HIKING_BACKPACK_PONCHO_-_Veste_imperméable_-_blue
zalando-poncho-COVERO_PONCHO_II_-_Cape_-_lightgrey,5495,1694508622100,zalando-poncho,COVERO_PONCHO_II_-_Cape_-_lightgrey
zalando-poncho-DESCHUTES_VALLEY™_RAIN_PONCHO_-_Parka_-_vista_blue,10795,1694523518323,zalando-poncho,DESCHUTES_VALLEY™_RAIN_PONCHO_-_Parka_-_vista_blue
zalando-poncho-DESCHUTES_VALLEY™_RAIN_PONCHO_-_Parka_-_black,13495,1694523518537,zalando-poncho,DESCHUTES_VALLEY™_RAIN_PONCHO_-_Parka_-_black
zalando-poncho-KUURA_3L_PONCHO_UNISEX_-_Veste_imperméable_-_green,16995,1694523518593,zalando-poncho,KUURA_3L_PONCHO_UNISEX_-_Veste_imperméable_-_green
zalando-poncho-HIKING_BACKPACK_PONCHO_-_Veste_imperméable_-_blue,8995,1694523518666,zalando-poncho,HIKING_BACKPACK_PONCHO_-_Veste_imperméable_-_blue
zalando-poncho-COVERO_PONCHO_II_-_Cape_-_lightgrey,5495,1694523518762,zalando-poncho,COVERO_PONCHO_II_-_Cape_-_lightgrey
zalando-poncho-DESCHUTES_VALLEY™_RAIN_PONCHO_-_Parka_-_vista_blue,10795,1694537427903,zalando-poncho,DESCHUTES_VALLEY™_RAIN_PONCHO_-_Parka_-_vista_blue
zalando-poncho-DESCHUTES_VALLEY™_RAIN_PONCHO_-_Parka_-_black,13495,1694537428002,zalando-poncho,DESCHUTES_VALLEY™_RAIN_PONCHO_-_Parka_-_black
zalando-poncho-KUURA_3L_PONCHO_UNISEX_-_Veste_imperméable_-_green,16995,1694537428243,zalando-poncho,KUURA_3L_PONCHO_UNISEX_-_Veste_imperméable_-_green
zalando-poncho-HIKING_BACKPACK_PONCHO_-_Veste_imperméable_-_blue,8995,1694537428369,zalando-poncho,HIKING_BACKPACK_PONCHO_-_Veste_imperméable_-_blue
zalando-poncho-COVERO_PONCHO_II_-_Cape_-_lightgrey,5495,1694537428440,zalando-poncho,COVERO_PONCHO_II_-_Cape_-_lightgrey
zalando-poncho-DESCHUTES_VALLEY™_RAIN_PONCHO_-_Parka_-_vista_blue,10795,1694551841299,zalando-poncho,DESCHUTES_VALLEY™_RAIN_PONCHO_-_Parka_-_vista_blue
zalando-poncho-DESCHUTES_VALLEY™_RAIN_PONCHO_-_Parka_-_black,13495,1694551841445,zalando-poncho,DESCHUTES_VALLEY™_RAIN_PONCHO_-_Parka_-_black
zalando-poncho-KUURA_3L_PONCHO_UNISEX_-_Veste_imperméable_-_green,16995,1694551841533,zalando-poncho,KUURA_3L_PONCHO_UNISEX_-_Veste_imperméable_-_green
zalando-poncho-HIKING_BACKPACK_PONCHO_-_Veste_imperméable_-_blue,8995,1694551841652,zalando-poncho,HIKING_BACKPACK_PONCHO_-_Veste_imperméable_-_blue
zalando-poncho-COVERO_PONCHO_II_-_Cape_-_lightgrey,5495,1694551842541,zalando-poncho,COVERO_PONCHO_II_-_Cape_-_lightgrey
zalando-poncho-DESCHUTES_VALLEY™_RAIN_PONCHO_-_Parka_-_vista_blue,16195,1694580641353,zalando-poncho,DESCHUTES_VALLEY™_RAIN_PONCHO_-_Parka_-_vista_blue
zalando-poncho-DESCHUTES_VALLEY™_RAIN_PONCHO_-_Parka_-_black,16195,1694580641626,zalando-poncho,DESCHUTES_VALLEY™_RAIN_PONCHO_-_Parka_-_black
zalando-poncho-HIKING_BACKPACK_PONCHO_-_Veste_imperméable_-_blue,8995,1694580641703,zalando-poncho,HIKING_BACKPACK_PONCHO_-_Veste_imperméable_-_blue
zalando-poncho-COVERO_PONCHO_II_-_Cape_-_lightgrey,5495,1694580641769,zalando-poncho,COVERO_PONCHO_II_-_Cape_-_lightgrey
zalando-poncho-DESCHUTES_VALLEY™_RAIN_PONCHO_-_Parka_-_vista_blue,16195,1694595039977,zalando-poncho,DESCHUTES_VALLEY™_RAIN_PONCHO_-_Parka_-_vista_blue
zalando-poncho-DESCHUTES_VALLEY™_RAIN_PONCHO_-_Parka_-_black,16195,1694595040056,zalando-poncho,DESCHUTES_VALLEY™_RAIN_PONCHO_-_Parka_-_black
zalando-poncho-HIKING_BACKPACK_PONCHO_-_Veste_imperméable_-_blue,8995,1694595040387,zalando-poncho,HIKING_BACKPACK_PONCHO_-_Veste_imperméable_-_blue
zalando-poncho-COVERO_PONCHO_II_-_Cape_-_lightgrey,5495,1694595041187,zalando-poncho,COVERO_PONCHO_II_-_Cape_-_lightgrey
zalando-poncho-DESCHUTES_VALLEY™_RAIN_PONCHO_-_Parka_-_vista_blue,16195,1694609956404,zalando-poncho,DESCHUTES_VALLEY™_RAIN_PONCHO_-_Parka_-_vista_blue
zalando-poncho-DESCHUTES_VALLEY™_RAIN_PONCHO_-_Parka_-_black,16195,1694609956491,zalando-poncho,DESCHUTES_VALLEY™_RAIN_PONCHO_-_Parka_-_black
zalando-poncho-HIKING_BACKPACK_PONCHO_-_Veste_imperméable_-_blue,8995,1694609957105,zalando-poncho,HIKING_BACKPACK_PONCHO_-_Veste_imperméable_-_blue
zalando-poncho-COVERO_PONCHO_II_-_Cape_-_lightgrey,5495,1694609957402,zalando-poncho,COVERO_PONCHO_II_-_Cape_-_lightgrey
zalando-poncho-DESCHUTES_VALLEY™_RAIN_PONCHO_-_Parka_-_vista_blue,16195,1694617561322,zalando-poncho,DESCHUTES_VALLEY™_RAIN_PONCHO_-_Parka_-_vista_blue
zalando-poncho-DESCHUTES_VALLEY™_RAIN_PONCHO_-_Parka_-_black,16195,1694617561448,zalando-poncho,DESCHUTES_VALLEY™_RAIN_PONCHO_-_Parka_-_black
zalando-poncho-HIKING_BACKPACK_PONCHO_-_Veste_imperméable_-_blue,8995,1694617561636,zalando-poncho,HIKING_BACKPACK_PONCHO_-_Veste_imperméable_-_blue
zalando-poncho-COVERO_PONCHO_II_-_Cape_-_lightgrey,5495,1694617561699,zalando-poncho,COVERO_PONCHO_II_-_Cape_-_lightgrey
zalando-poncho-DESCHUTES_VALLEY™_RAIN_PONCHO_-_Parka_-_vista_blue,16195,1694623835555,zalando-poncho,DESCHUTES_VALLEY™_RAIN_PONCHO_-_Parka_-_vista_blue
zalando-poncho-DESCHUTES_VALLEY™_RAIN_PONCHO_-_Parka_-_black,16195,1694623835741,zalando-poncho,DESCHUTES_VALLEY™_RAIN_PONCHO_-_Parka_-_black
zalando-poncho-HIKING_BACKPACK_PONCHO_-_Veste_imperméable_-_blue,8995,1694623835981,zalando-poncho,HIKING_BACKPACK_PONCHO_-_Veste_imperméable_-_blue
zalando-poncho-COVERO_PONCHO_II_-_Cape_-_lightgrey,5495,1694623836064,zalando-poncho,COVERO_PONCHO_II_-_Cape_-_lightgrey
zalando-poncho-DESCHUTES_VALLEY™_RAIN_PONCHO_-_Parka_-_vista_blue,16195,1694638239541,zalando-poncho,DESCHUTES_VALLEY™_RAIN_PONCHO_-_Parka_-_vista_blue
zalando-poncho-DESCHUTES_VALLEY™_RAIN_PONCHO_-_Parka_-_black,16195,1694638239684,zalando-poncho,DESCHUTES_VALLEY™_RAIN_PONCHO_-_Parka_-_black
zalando-poncho-HIKING_BACKPACK_PONCHO_-_Veste_imperméable_-_blue,8995,1694638239824,zalando-poncho,HIKING_BACKPACK_PONCHO_-_Veste_imperméable_-_blue
zalando-poncho-COVERO_PONCHO_II_-_Cape_-_lightgrey,5495,1694638239959,zalando-poncho,COVERO_PONCHO_II_-_Cape_-_lightgrey
zalando-poncho-DESCHUTES_VALLEY™_RAIN_PONCHO_-_Parka_-_vista_blue,16195,1694667031772,zalando-poncho,DESCHUTES_VALLEY™_RAIN_PONCHO_-_Parka_-_vista_blue
zalando-poncho-DESCHUTES_VALLEY™_RAIN_PONCHO_-_Parka_-_black,16195,1694667031915,zalando-poncho,DESCHUTES_VALLEY™_RAIN_PONCHO_-_Parka_-_black
zalando-poncho-HIKING_BACKPACK_PONCHO_-_Veste_imperméable_-_blue,8995,1694667032046,zalando-poncho,HIKING_BACKPACK_PONCHO_-_Veste_imperméable_-_blue
zalando-poncho-COVERO_PONCHO_II_-_Cape_-_lightgrey,5495,1694667032106,zalando-poncho,COVERO_PONCHO_II_-_Cape_-_lightgrey
zalando-poncho-PARIS_ST._GERMAIN_CITY_MADE_PONCHO_-_Veste_de_survêtement_-_aura_white,6495,1694667032167,zalando-poncho,PARIS_ST._GERMAIN_CITY_MADE_PONCHO_-_Veste_de_survêtement_-_aura_white
zalando-poncho-DESCHUTES_VALLEY™_RAIN_PONCHO_-_Parka_-_vista_blue,16195,1694681427453,zalando-poncho,DESCHUTES_VALLEY™_RAIN_PONCHO_-_Parka_-_vista_blue
zalando-poncho-DESCHUTES_VALLEY™_RAIN_PONCHO_-_Parka_-_black,16195,1694681427543,zalando-poncho,DESCHUTES_VALLEY™_RAIN_PONCHO_-_Parka_-_black
zalando-poncho-HIKING_BACKPACK_PONCHO_-_Veste_imperméable_-_blue,8995,1694681427615,zalando-poncho,HIKING_BACKPACK_PONCHO_-_Veste_imperméable_-_blue
zalando-poncho-COVERO_PONCHO_II_-_Cape_-_lightgrey,5495,1694681428166,zalando-poncho,COVERO_PONCHO_II_-_Cape_-_lightgrey
zalando-poncho-PARIS_ST._GERMAIN_CITY_MADE_PONCHO_-_Veste_de_survêtement_-_aura_white,6495,1694681428579,zalando-poncho,PARIS_ST._GERMAIN_CITY_MADE_PONCHO_-_Veste_de_survêtement_-_aura_white
zalando-poncho-DESCHUTES_VALLEY™_RAIN_PONCHO_-_Parka_-_vista_blue,16195,1694696354804,zalando-poncho,DESCHUTES_VALLEY™_RAIN_PONCHO_-_Parka_-_vista_blue
zalando-poncho-DESCHUTES_VALLEY™_RAIN_PONCHO_-_Parka_-_black,16195,1694696354929,zalando-poncho,DESCHUTES_VALLEY™_RAIN_PONCHO_-_Parka_-_black
zalando-poncho-HIKING_BACKPACK_PONCHO_-_Veste_imperméable_-_blue,8995,1694696355007,zalando-poncho,HIKING_BACKPACK_PONCHO_-_Veste_imperméable_-_blue
zalando-poncho-COVERO_PONCHO_II_-_Cape_-_lightgrey,5495,1694696355161,zalando-poncho,COVERO_PONCHO_II_-_Cape_-_lightgrey
zalando-poncho-PARIS_ST._GERMAIN_CITY_MADE_PONCHO_-_Veste_de_survêtement_-_aura_white,6495,1694696355859,zalando-poncho,PARIS_ST._GERMAIN_CITY_MADE_PONCHO_-_Veste_de_survêtement_-_aura_white
zalando-poncho-DESCHUTES_VALLEY™_RAIN_PONCHO_-_Parka_-_vista_blue,16195,1694710247116,zalando-poncho,DESCHUTES_VALLEY™_RAIN_PONCHO_-_Parka_-_vista_blue
zalando-poncho-DESCHUTES_VALLEY™_RAIN_PONCHO_-_Parka_-_black,16195,1694710247972,zalando-poncho,DESCHUTES_VALLEY™_RAIN_PONCHO_-_Parka_-_black
zalando-poncho-HIKING_BACKPACK_PONCHO_-_Veste_imperméable_-_blue,8995,1694710248631,zalando-poncho,HIKING_BACKPACK_PONCHO_-_Veste_imperméable_-_blue
zalando-poncho-COVERO_PONCHO_II_-_Cape_-_lightgrey,5495,1694710248813,zalando-poncho,COVERO_PONCHO_II_-_Cape_-_lightgrey
zalando-poncho-PARIS_ST._GERMAIN_CITY_MADE_PONCHO_-_Veste_de_survêtement_-_aura_white,6495,1694710248972,zalando-poncho,PARIS_ST._GERMAIN_CITY_MADE_PONCHO_-_Veste_de_survêtement_-_aura_white
zalando-poncho-DESCHUTES_VALLEY™_RAIN_PONCHO_-_Parka_-_vista_blue,16195,1694724630761,zalando-poncho,DESCHUTES_VALLEY™_RAIN_PONCHO_-_Parka_-_vista_blue
zalando-poncho-DESCHUTES_VALLEY™_RAIN_PONCHO_-_Parka_-_black,16195,1694724630840,zalando-poncho,DESCHUTES_VALLEY™_RAIN_PONCHO_-_Parka_-_black
zalando-poncho-HIKING_BACKPACK_PONCHO_-_Veste_imperméable_-_blue,8995,1694724630912,zalando-poncho,HIKING_BACKPACK_PONCHO_-_Veste_imperméable_-_blue
zalando-poncho-COVERO_PONCHO_II_-_Cape_-_lightgrey,5495,1694724631007,zalando-poncho,COVERO_PONCHO_II_-_Cape_-_lightgrey
zalando-poncho-PARIS_ST._GERMAIN_CITY_MADE_PONCHO_-_Veste_de_survêtement_-_aura_white,6495,1694724631105,zalando-poncho,PARIS_ST._GERMAIN_CITY_MADE_PONCHO_-_Veste_de_survêtement_-_aura_white
zalando-poncho-DESCHUTES_VALLEY™_RAIN_PONCHO_-_Parka_-_vista_blue,16195,1694753417894,zalando-poncho,DESCHUTES_VALLEY™_RAIN_PONCHO_-_Parka_-_vista_blue
zalando-poncho-DESCHUTES_VALLEY™_RAIN_PONCHO_-_Parka_-_black,16195,1694753418156,zalando-poncho,DESCHUTES_VALLEY™_RAIN_PONCHO_-_Parka_-_black
zalando-poncho-HIKING_BACKPACK_PONCHO_-_Veste_imperméable_-_blue,8995,1694753418787,zalando-poncho,HIKING_BACKPACK_PONCHO_-_Veste_imperméable_-_blue
zalando-poncho-COVERO_PONCHO_II_-_Cape_-_lightgrey,5495,1694753419017,zalando-poncho,COVERO_PONCHO_II_-_Cape_-_lightgrey
zalando-poncho-PARIS_ST._GERMAIN_CITY_MADE_PONCHO_-_Veste_de_survêtement_-_aura_white,6495,1694753419108,zalando-poncho,PARIS_ST._GERMAIN_CITY_MADE_PONCHO_-_Veste_de_survêtement_-_aura_white
zalando-poncho-DESCHUTES_VALLEY™_RAIN_PONCHO_-_Parka_-_vista_blue,16195,1694767827182,zalando-poncho,DESCHUTES_VALLEY™_RAIN_PONCHO_-_Parka_-_vista_blue
zalando-poncho-DESCHUTES_VALLEY™_RAIN_PONCHO_-_Parka_-_black,16195,1694767827255,zalando-poncho,DESCHUTES_VALLEY™_RAIN_PONCHO_-_Parka_-_black
zalando-poncho-HIKING_BACKPACK_PONCHO_-_Veste_imperméable_-_blue,8995,1694767827327,zalando-poncho,HIKING_BACKPACK_PONCHO_-_Veste_imperméable_-_blue
zalando-poncho-COVERO_PONCHO_II_-_Cape_-_lightgrey,5495,1694767827935,zalando-poncho,COVERO_PONCHO_II_-_Cape_-_lightgrey
zalando-poncho-PARIS_ST._GERMAIN_CITY_MADE_PONCHO_-_Veste_de_survêtement_-_aura_white,6495,1694767828312,zalando-poncho,PARIS_ST._GERMAIN_CITY_MADE_PONCHO_-_Veste_de_survêtement_-_aura_white
zalando-poncho-DESCHUTES_VALLEY™_RAIN_PONCHO_-_Parka_-_vista_blue,16195,1694782698101,zalando-poncho,DESCHUTES_VALLEY™_RAIN_PONCHO_-_Parka_-_vista_blue
zalando-poncho-DESCHUTES_VALLEY™_RAIN_PONCHO_-_Parka_-_black,16195,1694782698179,zalando-poncho,DESCHUTES_VALLEY™_RAIN_PONCHO_-_Parka_-_black
zalando-poncho-HIKING_BACKPACK_PONCHO_-_Veste_imperméable_-_blue,8995,1694782698240,zalando-poncho,HIKING_BACKPACK_PONCHO_-_Veste_imperméable_-_blue
zalando-poncho-COVERO_PONCHO_II_-_Cape_-_lightgrey,5495,1694782698360,zalando-poncho,COVERO_PONCHO_II_-_Cape_-_lightgrey
zalando-poncho-DESCHUTES_VALLEY™_RAIN_PONCHO_-_Parka_-_vista_blue,16195,1694796622187,zalando-poncho,DESCHUTES_VALLEY™_RAIN_PONCHO_-_Parka_-_vista_blue
zalando-poncho-DESCHUTES_VALLEY™_RAIN_PONCHO_-_Parka_-_black,16195,1694796622565,zalando-poncho,DESCHUTES_VALLEY™_RAIN_PONCHO_-_Parka_-_black
zalando-poncho-HIKING_BACKPACK_PONCHO_-_Veste_imperméable_-_blue,8995,1694796622767,zalando-poncho,HIKING_BACKPACK_PONCHO_-_Veste_imperméable_-_blue
zalando-poncho-COVERO_PONCHO_II_-_Cape_-_lightgrey,5495,1694796622920,zalando-poncho,COVERO_PONCHO_II_-_Cape_-_lightgrey
zalando-poncho-DESCHUTES_VALLEY™_RAIN_PONCHO_-_Parka_-_vista_blue,16195,1694811024664,zalando-poncho,DESCHUTES_VALLEY™_RAIN_PONCHO_-_Parka_-_vista_blue
zalando-poncho-DESCHUTES_VALLEY™_RAIN_PONCHO_-_Parka_-_black,16195,1694811024754,zalando-poncho,DESCHUTES_VALLEY™_RAIN_PONCHO_-_Parka_-_black
zalando-poncho-HIKING_BACKPACK_PONCHO_-_Veste_imperméable_-_blue,8995,1694811024987,zalando-poncho,HIKING_BACKPACK_PONCHO_-_Veste_imperméable_-_blue
zalando-poncho-COVERO_PONCHO_II_-_Cape_-_lightgrey,5495,1694811025659,zalando-poncho,COVERO_PONCHO_II_-_Cape_-_lightgrey
zalando-poncho-DESCHUTES_VALLEY™_RAIN_PONCHO_-_Parka_-_vista_blue,16195,1694839822680,zalando-poncho,DESCHUTES_VALLEY™_RAIN_PONCHO_-_Parka_-_vista_blue
zalando-poncho-DESCHUTES_VALLEY™_RAIN_PONCHO_-_Parka_-_black,16195,1694839822768,zalando-poncho,DESCHUTES_VALLEY™_RAIN_PONCHO_-_Parka_-_black
zalando-poncho-HIKING_BACKPACK_PONCHO_-_Veste_imperméable_-_blue,8995,1694839822835,zalando-poncho,HIKING_BACKPACK_PONCHO_-_Veste_imperméable_-_blue
zalando-poncho-COVERO_PONCHO_II_-_Cape_-_lightgrey,5495,1694839822941,zalando-poncho,COVERO_PONCHO_II_-_Cape_-_lightgrey
zalando-poncho-PARIS_ST._GERMAIN_CITY_MADE_PONCHO_-_Veste_de_survêtement_-_aura_white,6495,1694839823037,zalando-poncho,PARIS_ST._GERMAIN_CITY_MADE_PONCHO_-_Veste_de_survêtement_-_aura_white
zalando-poncho-DESCHUTES_VALLEY™_RAIN_PONCHO_-_Parka_-_vista_blue,16195,1694854234224,zalando-poncho,DESCHUTES_VALLEY™_RAIN_PONCHO_-_Parka_-_vista_blue
zalando-poncho-DESCHUTES_VALLEY™_RAIN_PONCHO_-_Parka_-_black,16195,1694854234353,zalando-poncho,DESCHUTES_VALLEY™_RAIN_PONCHO_-_Parka_-_black
zalando-poncho-HIKING_BACKPACK_PONCHO_-_Veste_imperméable_-_blue,8995,1694854234426,zalando-poncho,HIKING_BACKPACK_PONCHO_-_Veste_imperméable_-_blue
zalando-poncho-COVERO_PONCHO_II_-_Cape_-_lightgrey,5495,1694854234550,zalando-poncho,COVERO_PONCHO_II_-_Cape_-_lightgrey
zalando-poncho-DESCHUTES_VALLEY™_RAIN_PONCHO_-_Parka_-_vista_blue,16195,1694868880926,zalando-poncho,DESCHUTES_VALLEY™_RAIN_PONCHO_-_Parka_-_vista_blue
zalando-poncho-DESCHUTES_VALLEY™_RAIN_PONCHO_-_Parka_-_black,16195,1694868881007,zalando-poncho,DESCHUTES_VALLEY™_RAIN_PONCHO_-_Parka_-_black
zalando-poncho-KUURA_3L_PONCHO_UNISEX_-_Veste_imperméable_-_green,15995,1694868881056,zalando-poncho,KUURA_3L_PONCHO_UNISEX_-_Veste_imperméable_-_green
zalando-poncho-HIKING_BACKPACK_PONCHO_-_Veste_imperméable_-_blue,8995,1694868881590,zalando-poncho,HIKING_BACKPACK_PONCHO_-_Veste_imperméable_-_blue
zalando-poncho-COVERO_PONCHO_II_-_Cape_-_lightgrey,5495,1694868881984,zalando-poncho,COVERO_PONCHO_II_-_Cape_-_lightgrey
zalando-poncho-DESCHUTES_VALLEY™_RAIN_PONCHO_-_Parka_-_vista_blue,16195,1694883032472,zalando-poncho,DESCHUTES_VALLEY™_RAIN_PONCHO_-_Parka_-_vista_blue
zalando-poncho-DESCHUTES_VALLEY™_RAIN_PONCHO_-_Parka_-_black,16195,1694883032692,zalando-poncho,DESCHUTES_VALLEY™_RAIN_PONCHO_-_Parka_-_black
zalando-poncho-KUURA_3L_PONCHO_UNISEX_-_Veste_imperméable_-_green,15995,1694883032804,zalando-poncho,KUURA_3L_PONCHO_UNISEX_-_Veste_imperméable_-_green
zalando-poncho-HIKING_BACKPACK_PONCHO_-_Veste_imperméable_-_blue,8995,1694883032968,zalando-poncho,HIKING_BACKPACK_PONCHO_-_Veste_imperméable_-_blue
zalando-poncho-COVERO_PONCHO_II_-_Cape_-_lightgrey,5495,1694883033015,zalando-poncho,COVERO_PONCHO_II_-_Cape_-_lightgrey
zalando-poncho-DESCHUTES_VALLEY™_RAIN_PONCHO_-_Parka_-_black,16195,1694897411266,zalando-poncho,DESCHUTES_VALLEY™_RAIN_PONCHO_-_Parka_-_black
zalando-poncho-DESCHUTES_VALLEY™_RAIN_PONCHO_-_Parka_-_vista_blue,16195,1694897411452,zalando-poncho,DESCHUTES_VALLEY™_RAIN_PONCHO_-_Parka_-_vista_blue
zalando-poncho-KUURA_3L_PONCHO_UNISEX_-_Veste_imperméable_-_green,15995,1694897411660,zalando-poncho,KUURA_3L_PONCHO_UNISEX_-_Veste_imperméable_-_green
zalando-poncho-HIKING_BACKPACK_PONCHO_-_Veste_imperméable_-_blue,8995,1694897411716,zalando-poncho,HIKING_BACKPACK_PONCHO_-_Veste_imperméable_-_blue
zalando-poncho-COVERO_PONCHO_II_-_Cape_-_lightgrey,5495,1694897411785,zalando-poncho,COVERO_PONCHO_II_-_Cape_-_lightgrey
zalando-poncho-DESCHUTES_VALLEY™_RAIN_PONCHO_-_Parka_-_black,16195,1694926216529,zalando-poncho,DESCHUTES_VALLEY™_RAIN_PONCHO_-_Parka_-_black
zalando-poncho-DESCHUTES_VALLEY™_RAIN_PONCHO_-_Parka_-_vista_blue,16195,1694926216588,zalando-poncho,DESCHUTES_VALLEY™_RAIN_PONCHO_-_Parka_-_vista_blue
zalando-poncho-KUURA_3L_PONCHO_UNISEX_-_Veste_imperméable_-_green,15995,1694926216651,zalando-poncho,KUURA_3L_PONCHO_UNISEX_-_Veste_imperméable_-_green
zalando-poncho-HIKING_BACKPACK_PONCHO_-_Veste_imperméable_-_blue,8995,1694926216798,zalando-poncho,HIKING_BACKPACK_PONCHO_-_Veste_imperméable_-_blue
zalando-poncho-COVERO_PONCHO_II_-_Cape_-_lightgrey,5495,1694926216850,zalando-poncho,COVERO_PONCHO_II_-_Cape_-_lightgrey
zalando-poncho-DESCHUTES_VALLEY™_RAIN_PONCHO_-_Parka_-_vista_blue,16195,1694940628176,zalando-poncho,DESCHUTES_VALLEY™_RAIN_PONCHO_-_Parka_-_vista_blue
zalando-poncho-DESCHUTES_VALLEY™_RAIN_PONCHO_-_Parka_-_black,16195,1694940628246,zalando-poncho,DESCHUTES_VALLEY™_RAIN_PONCHO_-_Parka_-_black
zalando-poncho-KUURA_3L_PONCHO_UNISEX_-_Veste_imperméable_-_green,15995,1694940628356,zalando-poncho,KUURA_3L_PONCHO_UNISEX_-_Veste_imperméable_-_green
zalando-poncho-HIKING_BACKPACK_PONCHO_-_Veste_imperméable_-_blue,8995,1694940628424,zalando-poncho,HIKING_BACKPACK_PONCHO_-_Veste_imperméable_-_blue
zalando-poncho-COVERO_PONCHO_II_-_Cape_-_lightgrey,5495,1694940628547,zalando-poncho,COVERO_PONCHO_II_-_Cape_-_lightgrey
zalando-poncho-PARIS_ST._GERMAIN_CITY_MADE_PONCHO_-_Veste_de_survêtement_-_aura_white,6495,1694940628635,zalando-poncho,PARIS_ST._GERMAIN_CITY_MADE_PONCHO_-_Veste_de_survêtement_-_aura_white
zalando-poncho-DESCHUTES_VALLEY™_RAIN_PONCHO_-_Parka_-_vista_blue,16195,1694955311827,zalando-poncho,DESCHUTES_VALLEY™_RAIN_PONCHO_-_Parka_-_vista_blue
zalando-poncho-DESCHUTES_VALLEY™_RAIN_PONCHO_-_Parka_-_black,16195,1694955311919,zalando-poncho,DESCHUTES_VALLEY™_RAIN_PONCHO_-_Parka_-_black
zalando-poncho-KUURA_3L_PONCHO_UNISEX_-_Veste_imperméable_-_green,15995,1694955311988,zalando-poncho,KUURA_3L_PONCHO_UNISEX_-_Veste_imperméable_-_green
zalando-poncho-COVERO_PONCHO_II_-_Cape_-_lightgrey,5495,1694955312240,zalando-poncho,COVERO_PONCHO_II_-_Cape_-_lightgrey
zalando-poncho-PARIS_ST._GERMAIN_CITY_MADE_PONCHO_-_Veste_de_survêtement_-_aura_white,6495,1694955312930,zalando-poncho,PARIS_ST._GERMAIN_CITY_MADE_PONCHO_-_Veste_de_survêtement_-_aura_white
zalando-poncho-DESCHUTES_VALLEY™_RAIN_PONCHO_-_Parka_-_vista_blue,16195,1694969421434,zalando-poncho,DESCHUTES_VALLEY™_RAIN_PONCHO_-_Parka_-_vista_blue
zalando-poncho-DESCHUTES_VALLEY™_RAIN_PONCHO_-_Parka_-_black,16195,1694969421490,zalando-poncho,DESCHUTES_VALLEY™_RAIN_PONCHO_-_Parka_-_black
zalando-poncho-KUURA_3L_PONCHO_UNISEX_-_Veste_imperméable_-_green,15995,1694969421553,zalando-poncho,KUURA_3L_PONCHO_UNISEX_-_Veste_imperméable_-_green
zalando-poncho-COVERO_PONCHO_II_-_Cape_-_lightgrey,5495,1694969421608,zalando-poncho,COVERO_PONCHO_II_-_Cape_-_lightgrey
zalando-poncho-PARIS_ST._GERMAIN_CITY_MADE_PONCHO_-_Veste_de_survêtement_-_aura_white,6495,1694969421698,zalando-poncho,PARIS_ST._GERMAIN_CITY_MADE_PONCHO_-_Veste_de_survêtement_-_aura_white
zalando-poncho-DESCHUTES_VALLEY™_RAIN_PONCHO_-_Parka_-_vista_blue,16195,1694983831377,zalando-poncho,DESCHUTES_VALLEY™_RAIN_PONCHO_-_Parka_-_vista_blue
zalando-poncho-DESCHUTES_VALLEY™_RAIN_PONCHO_-_Parka_-_black,16195,1694983831661,zalando-poncho,DESCHUTES_VALLEY™_RAIN_PONCHO_-_Parka_-_black
zalando-poncho-KUURA_3L_PONCHO_UNISEX_-_Veste_imperméable_-_green,15995,1694983832122,zalando-poncho,KUURA_3L_PONCHO_UNISEX_-_Veste_imperméable_-_green
zalando-poncho-PARIS_ST._GERMAIN_CITY_MADE_PONCHO_-_Veste_de_survêtement_-_aura_white,6495,1694983832402,zalando-poncho,PARIS_ST._GERMAIN_CITY_MADE_PONCHO_-_Veste_de_survêtement_-_aura_white
zalando-poncho-COVERO_PONCHO_II_-_Cape_-_lightgrey,5495,1694983832629,zalando-poncho,COVERO_PONCHO_II_-_Cape_-_lightgrey
zalando-poncho-DESCHUTES_VALLEY™_RAIN_PONCHO_-_Parka_-_vista_blue,16195,1695012634996,zalando-poncho,DESCHUTES_VALLEY™_RAIN_PONCHO_-_Parka_-_vista_blue
zalando-poncho-DESCHUTES_VALLEY™_RAIN_PONCHO_-_Parka_-_black,16195,1695012635060,zalando-poncho,DESCHUTES_VALLEY™_RAIN_PONCHO_-_Parka_-_black
zalando-poncho-KUURA_3L_PONCHO_UNISEX_-_Veste_imperméable_-_green,15995,1695012635128,zalando-poncho,KUURA_3L_PONCHO_UNISEX_-_Veste_imperméable_-_green
zalando-poncho-HIKING_BACKPACK_PONCHO_-_Veste_imperméable_-_indian_red,8995,1695012635641,zalando-poncho,HIKING_BACKPACK_PONCHO_-_Veste_imperméable_-_indian_red
zalando-poncho-PARIS_ST._GERMAIN_CITY_MADE_PONCHO_-_Veste_de_survêtement_-_aura_white,6495,1695012636057,zalando-poncho,PARIS_ST._GERMAIN_CITY_MADE_PONCHO_-_Veste_de_survêtement_-_aura_white
zalando-poncho-COVERO_PONCHO_II_-_Cape_-_lightgrey,5495,1695012636187,zalando-poncho,COVERO_PONCHO_II_-_Cape_-_lightgrey
zalando-poncho-DESCHUTES_VALLEY™_RAIN_PONCHO_-_Parka_-_vista_blue,16195,1695027024933,zalando-poncho,DESCHUTES_VALLEY™_RAIN_PONCHO_-_Parka_-_vista_blue
zalando-poncho-DESCHUTES_VALLEY™_RAIN_PONCHO_-_Parka_-_black,16195,1695027025404,zalando-poncho,DESCHUTES_VALLEY™_RAIN_PONCHO_-_Parka_-_black
zalando-poncho-KUURA_3L_PONCHO_UNISEX_-_Veste_imperméable_-_green,15995,1695027025719,zalando-poncho,KUURA_3L_PONCHO_UNISEX_-_Veste_imperméable_-_green
zalando-poncho-HIKING_BACKPACK_PONCHO_-_Veste_imperméable_-_indian_red,8995,1695027025932,zalando-poncho,HIKING_BACKPACK_PONCHO_-_Veste_imperméable_-_indian_red
zalando-poncho-PARIS_ST._GERMAIN_CITY_MADE_PONCHO_-_Veste_de_survêtement_-_aura_white,6495,1695027026067,zalando-poncho,PARIS_ST._GERMAIN_CITY_MADE_PONCHO_-_Veste_de_survêtement_-_aura_white
zalando-poncho-COVERO_PONCHO_II_-_Cape_-_lightgrey,5495,1695027026187,zalando-poncho,COVERO_PONCHO_II_-_Cape_-_lightgrey
zalando-poncho-DESCHUTES_VALLEY™_RAIN_PONCHO_-_Parka_-_vista_blue,16195,1695041972161,zalando-poncho,DESCHUTES_VALLEY™_RAIN_PONCHO_-_Parka_-_vista_blue
zalando-poncho-DESCHUTES_VALLEY™_RAIN_PONCHO_-_Parka_-_black,16195,1695041972339,zalando-poncho,DESCHUTES_VALLEY™_RAIN_PONCHO_-_Parka_-_black
zalando-poncho-KUURA_3L_PONCHO_UNISEX_-_Veste_imperméable_-_green,15995,1695041972602,zalando-poncho,KUURA_3L_PONCHO_UNISEX_-_Veste_imperméable_-_green
zalando-poncho-HIKING_BACKPACK_PONCHO_-_Veste_imperméable_-_indian_red,8995,1695041972870,zalando-poncho,HIKING_BACKPACK_PONCHO_-_Veste_imperméable_-_indian_red
zalando-poncho-PARIS_ST._GERMAIN_CITY_MADE_PONCHO_-_Veste_de_survêtement_-_aura_white,6495,1695041972957,zalando-poncho,PARIS_ST._GERMAIN_CITY_MADE_PONCHO_-_Veste_de_survêtement_-_aura_white
zalando-poncho-COVERO_PONCHO_II_-_Cape_-_lightgrey,5495,1695041973059,zalando-poncho,COVERO_PONCHO_II_-_Cape_-_lightgrey
zalando-poncho-DESCHUTES_VALLEY™_RAIN_PONCHO_-_Parka_-_vista_blue,16195,1695055834021,zalando-poncho,DESCHUTES_VALLEY™_RAIN_PONCHO_-_Parka_-_vista_blue
zalando-poncho-DESCHUTES_VALLEY™_RAIN_PONCHO_-_Parka_-_black,16195,1695055834098,zalando-poncho,DESCHUTES_VALLEY™_RAIN_PONCHO_-_Parka_-_black
zalando-poncho-HIKING_BACKPACK_PONCHO_-_Veste_imperméable_-_indian_red,8995,1695055834386,zalando-poncho,HIKING_BACKPACK_PONCHO_-_Veste_imperméable_-_indian_red
zalando-poncho-PARIS_ST._GERMAIN_CITY_MADE_PONCHO_-_Veste_de_survêtement_-_aura_white,6495,1695055834449,zalando-poncho,PARIS_ST._GERMAIN_CITY_MADE_PONCHO_-_Veste_de_survêtement_-_aura_white
zalando-poncho-COVERO_PONCHO_II_-_Cape_-_lightgrey,5495,1695055834534,zalando-poncho,COVERO_PONCHO_II_-_Cape_-_lightgrey
zalando-poncho-DESCHUTES_VALLEY™_RAIN_PONCHO_-_Parka_-_vista_blue,16195,1695070241090,zalando-poncho,DESCHUTES_VALLEY™_RAIN_PONCHO_-_Parka_-_vista_blue
zalando-poncho-DESCHUTES_VALLEY™_RAIN_PONCHO_-_Parka_-_black,16195,1695070241232,zalando-poncho,DESCHUTES_VALLEY™_RAIN_PONCHO_-_Parka_-_black
zalando-poncho-HIKING_BACKPACK_PONCHO_-_Veste_imperméable_-_indian_red,8995,1695070241361,zalando-poncho,HIKING_BACKPACK_PONCHO_-_Veste_imperméable_-_indian_red
zalando-poncho-PARIS_ST._GERMAIN_CITY_MADE_PONCHO_-_Veste_de_survêtement_-_aura_white,6495,1695070241501,zalando-poncho,PARIS_ST._GERMAIN_CITY_MADE_PONCHO_-_Veste_de_survêtement_-_aura_white
zalando-poncho-COVERO_PONCHO_II_-_Cape_-_lightgrey,5495,1695070241578,zalando-poncho,COVERO_PONCHO_II_-_Cape_-_lightgrey
zalando-poncho-DESCHUTES_VALLEY™_RAIN_PONCHO_-_Parka_-_vista_blue,16195,1695099011648,zalando-poncho,DESCHUTES_VALLEY™_RAIN_PONCHO_-_Parka_-_vista_blue
zalando-poncho-DESCHUTES_VALLEY™_RAIN_PONCHO_-_Parka_-_black,16195,1695099011785,zalando-poncho,DESCHUTES_VALLEY™_RAIN_PONCHO_-_Parka_-_black
zalando-poncho-HIKING_BACKPACK_PONCHO_-_Veste_imperméable_-_indian_red,8995,1695099011837,zalando-poncho,HIKING_BACKPACK_PONCHO_-_Veste_imperméable_-_indian_red
zalando-poncho-PARIS_ST._GERMAIN_CITY_MADE_PONCHO_-_Veste_de_survêtement_-_aura_white,6495,1695099011984,zalando-poncho,PARIS_ST._GERMAIN_CITY_MADE_PONCHO_-_Veste_de_survêtement_-_aura_white
zalando-poncho-COVERO_PONCHO_II_-_Cape_-_lightgrey,5495,1695099012037,zalando-poncho,COVERO_PONCHO_II_-_Cape_-_lightgrey
zalando-poncho-DESCHUTES_VALLEY™_RAIN_PONCHO_-_Parka_-_vista_blue,16195,1695113418952,zalando-poncho,DESCHUTES_VALLEY™_RAIN_PONCHO_-_Parka_-_vista_blue
zalando-poncho-DESCHUTES_VALLEY™_RAIN_PONCHO_-_Parka_-_black,16195,1695113419572,zalando-poncho,DESCHUTES_VALLEY™_RAIN_PONCHO_-_Parka_-_black
zalando-poncho-KUURA_3L_PONCHO_UNISEX_-_Veste_imperméable_-_green,15995,1695113419919,zalando-poncho,KUURA_3L_PONCHO_UNISEX_-_Veste_imperméable_-_green
zalando-poncho-HIKING_BACKPACK_PONCHO_-_Veste_imperméable_-_indian_red,8995,1695113420019,zalando-poncho,HIKING_BACKPACK_PONCHO_-_Veste_imperméable_-_indian_red
zalando-poncho-PARIS_ST._GERMAIN_CITY_MADE_PONCHO_-_Veste_de_survêtement_-_aura_white,6495,1695113420189,zalando-poncho,PARIS_ST._GERMAIN_CITY_MADE_PONCHO_-_Veste_de_survêtement_-_aura_white
zalando-poncho-COVERO_PONCHO_II_-_Cape_-_lightgrey,5495,1695113420317,zalando-poncho,COVERO_PONCHO_II_-_Cape_-_lightgrey
zalando-poncho-DESCHUTES_VALLEY™_RAIN_PONCHO_-_Parka_-_vista_blue,16195,1695128352141,zalando-poncho,DESCHUTES_VALLEY™_RAIN_PONCHO_-_Parka_-_vista_blue
zalando-poncho-DESCHUTES_VALLEY™_RAIN_PONCHO_-_Parka_-_black,16195,1695128352253,zalando-poncho,DESCHUTES_VALLEY™_RAIN_PONCHO_-_Parka_-_black
zalando-poncho-KUURA_3L_PONCHO_UNISEX_-_Veste_imperméable_-_green,15995,1695128352368,zalando-poncho,KUURA_3L_PONCHO_UNISEX_-_Veste_imperméable_-_green
zalando-poncho-PARIS_ST._GERMAIN_CITY_MADE_PONCHO_-_Veste_de_survêtement_-_aura_white,6495,1695128352420,zalando-poncho,PARIS_ST._GERMAIN_CITY_MADE_PONCHO_-_Veste_de_survêtement_-_aura_white
zalando-poncho-COVERO_PONCHO_II_-_Cape_-_lightgrey,5495,1695128352506,zalando-poncho,COVERO_PONCHO_II_-_Cape_-_lightgrey
zalando-poncho-DESCHUTES_VALLEY™_RAIN_PONCHO_-_Parka_-_vista_blue,16195,1695142221734,zalando-poncho,DESCHUTES_VALLEY™_RAIN_PONCHO_-_Parka_-_vista_blue
zalando-poncho-DESCHUTES_VALLEY™_RAIN_PONCHO_-_Parka_-_black,16195,1695142221821,zalando-poncho,DESCHUTES_VALLEY™_RAIN_PONCHO_-_Parka_-_black
zalando-poncho-KUURA_3L_PONCHO_UNISEX_-_Veste_imperméable_-_green,15995,1695142221890,zalando-poncho,KUURA_3L_PONCHO_UNISEX_-_Veste_imperméable_-_green
zalando-poncho-PARIS_ST._GERMAIN_CITY_MADE_PONCHO_-_Veste_de_survêtement_-_aura_white,6495,1695142221973,zalando-poncho,PARIS_ST._GERMAIN_CITY_MADE_PONCHO_-_Veste_de_survêtement_-_aura_white
zalando-poncho-COVERO_PONCHO_II_-_Cape_-_lightgrey,5495,1695142222139,zalando-poncho,COVERO_PONCHO_II_-_Cape_-_lightgrey
zalando-poncho-DESCHUTES_VALLEY™_RAIN_PONCHO_-_Parka_-_vista_blue,16195,1695156632213,zalando-poncho,DESCHUTES_VALLEY™_RAIN_PONCHO_-_Parka_-_vista_blue
zalando-poncho-DESCHUTES_VALLEY™_RAIN_PONCHO_-_Parka_-_black,16195,1695156632358,zalando-poncho,DESCHUTES_VALLEY™_RAIN_PONCHO_-_Parka_-_black
zalando-poncho-KUURA_3L_PONCHO_UNISEX_-_Veste_imperméable_-_green,15995,1695156632575,zalando-poncho,KUURA_3L_PONCHO_UNISEX_-_Veste_imperméable_-_green
zalando-poncho-PARIS_ST._GERMAIN_CITY_MADE_PONCHO_-_Veste_de_survêtement_-_aura_white,6495,1695156632763,zalando-poncho,PARIS_ST._GERMAIN_CITY_MADE_PONCHO_-_Veste_de_survêtement_-_aura_white
zalando-poncho-COVERO_PONCHO_II_-_Cape_-_lightgrey,5495,1695156632946,zalando-poncho,COVERO_PONCHO_II_-_Cape_-_lightgrey
zalando-poncho-DESCHUTES_VALLEY™_RAIN_PONCHO_-_Parka_-_vista_blue,16195,1695185412692,zalando-poncho,DESCHUTES_VALLEY™_RAIN_PONCHO_-_Parka_-_vista_blue
zalando-poncho-DESCHUTES_VALLEY™_RAIN_PONCHO_-_Parka_-_black,16195,1695185412754,zalando-poncho,DESCHUTES_VALLEY™_RAIN_PONCHO_-_Parka_-_black
zalando-poncho-KUURA_3L_PONCHO_UNISEX_-_Veste_imperméable_-_green,15995,1695185412886,zalando-poncho,KUURA_3L_PONCHO_UNISEX_-_Veste_imperméable_-_green
zalando-poncho-PARIS_ST._GERMAIN_CITY_MADE_PONCHO_-_Veste_de_survêtement_-_aura_white,6495,1695185413023,zalando-poncho,PARIS_ST._GERMAIN_CITY_MADE_PONCHO_-_Veste_de_survêtement_-_aura_white
zalando-poncho-COVERO_PONCHO_II_-_Cape_-_lightgrey,4395,1695185413095,zalando-poncho,COVERO_PONCHO_II_-_Cape_-_lightgrey
zalando-poncho-DESCHUTES_VALLEY™_RAIN_PONCHO_-_Parka_-_vista_blue,16195,1695199847418,zalando-poncho,DESCHUTES_VALLEY™_RAIN_PONCHO_-_Parka_-_vista_blue
zalando-poncho-DESCHUTES_VALLEY™_RAIN_PONCHO_-_Parka_-_black,16195,1695199847542,zalando-poncho,DESCHUTES_VALLEY™_RAIN_PONCHO_-_Parka_-_black
zalando-poncho-KUURA_3L_PONCHO_UNISEX_-_Veste_imperméable_-_green,15995,1695199847596,zalando-poncho,KUURA_3L_PONCHO_UNISEX_-_Veste_imperméable_-_green
zalando-poncho-PARIS_ST._GERMAIN_CITY_MADE_PONCHO_-_Veste_de_survêtement_-_aura_white,6495,1695199847836,zalando-poncho,PARIS_ST._GERMAIN_CITY_MADE_PONCHO_-_Veste_de_survêtement_-_aura_white
zalando-poncho-COVERO_PONCHO_II_-_Cape_-_lightgrey,4395,1695199848344,zalando-poncho,COVERO_PONCHO_II_-_Cape_-_lightgrey
zalando-poncho-DESCHUTES_VALLEY™_RAIN_PONCHO_-_Parka_-_vista_blue,16195,1695214769444,zalando-poncho,DESCHUTES_VALLEY™_RAIN_PONCHO_-_Parka_-_vista_blue
zalando-poncho-DESCHUTES_VALLEY™_RAIN_PONCHO_-_Parka_-_black,16195,1695214769819,zalando-poncho,DESCHUTES_VALLEY™_RAIN_PONCHO_-_Parka_-_black
zalando-poncho-PARIS_ST._GERMAIN_CITY_MADE_PONCHO_-_Veste_de_survêtement_-_aura_white,6495,1695214769945,zalando-poncho,PARIS_ST._GERMAIN_CITY_MADE_PONCHO_-_Veste_de_survêtement_-_aura_white
zalando-poncho-COVERO_PONCHO_II_-_Cape_-_lightgrey,4395,1695214770103,zalando-poncho,COVERO_PONCHO_II_-_Cape_-_lightgrey
zalando-poncho-DESCHUTES_VALLEY™_RAIN_PONCHO_-_Parka_-_vista_blue,16195,1695228630719,zalando-poncho,DESCHUTES_VALLEY™_RAIN_PONCHO_-_Parka_-_vista_blue
zalando-poncho-DESCHUTES_VALLEY™_RAIN_PONCHO_-_Parka_-_black,16195,1695228630886,zalando-poncho,DESCHUTES_VALLEY™_RAIN_PONCHO_-_Parka_-_black
zalando-poncho-PARIS_ST._GERMAIN_CITY_MADE_PONCHO_-_Veste_de_survêtement_-_aura_white,6495,1695228631051,zalando-poncho,PARIS_ST._GERMAIN_CITY_MADE_PONCHO_-_Veste_de_survêtement_-_aura_white
zalando-poncho-COVERO_PONCHO_II_-_Cape_-_lightgrey,4395,1695228631136,zalando-poncho,COVERO_PONCHO_II_-_Cape_-_lightgrey
zalando-poncho-DESCHUTES_VALLEY™_RAIN_PONCHO_-_Parka_-_vista_blue,16195,1695243021305,zalando-poncho,DESCHUTES_VALLEY™_RAIN_PONCHO_-_Parka_-_vista_blue
zalando-poncho-DESCHUTES_VALLEY™_RAIN_PONCHO_-_Parka_-_black,16195,1695243021399,zalando-poncho,DESCHUTES_VALLEY™_RAIN_PONCHO_-_Parka_-_black
zalando-poncho-PARIS_ST._GERMAIN_CITY_MADE_PONCHO_-_Veste_de_survêtement_-_aura_white,6495,1695243021468,zalando-poncho,PARIS_ST._GERMAIN_CITY_MADE_PONCHO_-_Veste_de_survêtement_-_aura_white
zalando-poncho-COVERO_PONCHO_II_-_Cape_-_lightgrey,4395,1695243022018,zalando-poncho,COVERO_PONCHO_II_-_Cape_-_lightgrey
zalando-poncho-DESCHUTES_VALLEY™_RAIN_PONCHO_-_Parka_-_vista_blue,16195,1695271817711,zalando-poncho,DESCHUTES_VALLEY™_RAIN_PONCHO_-_Parka_-_vista_blue
zalando-poncho-DESCHUTES_VALLEY™_RAIN_PONCHO_-_Parka_-_black,16195,1695271817869,zalando-poncho,DESCHUTES_VALLEY™_RAIN_PONCHO_-_Parka_-_black
zalando-poncho-PARIS_ST._GERMAIN_CITY_MADE_PONCHO_-_Veste_de_survêtement_-_aura_white,6495,1695271818010,zalando-poncho,PARIS_ST._GERMAIN_CITY_MADE_PONCHO_-_Veste_de_survêtement_-_aura_white
zalando-poncho-COVERO_PONCHO_II_-_Cape_-_lightgrey,4395,1695271818155,zalando-poncho,COVERO_PONCHO_II_-_Cape_-_lightgrey
zalando-poncho-DESCHUTES_VALLEY™_RAIN_PONCHO_-_Parka_-_vista_blue,16195,1695286221144,zalando-poncho,DESCHUTES_VALLEY™_RAIN_PONCHO_-_Parka_-_vista_blue
zalando-poncho-DESCHUTES_VALLEY™_RAIN_PONCHO_-_Parka_-_black,16195,1695286221629,zalando-poncho,DESCHUTES_VALLEY™_RAIN_PONCHO_-_Parka_-_black
zalando-poncho-PARIS_ST._GERMAIN_CITY_MADE_PONCHO_-_Veste_de_survêtement_-_aura_white,6495,1695286221885,zalando-poncho,PARIS_ST._GERMAIN_CITY_MADE_PONCHO_-_Veste_de_survêtement_-_aura_white
zalando-poncho-COVERO_PONCHO_II_-_Cape_-_lightgrey,4395,1695286222063,zalando-poncho,COVERO_PONCHO_II_-_Cape_-_lightgrey
zalando-poncho-DESCHUTES_VALLEY™_RAIN_PONCHO_-_Parka_-_vista_blue,16195,1695301175380,zalando-poncho,DESCHUTES_VALLEY™_RAIN_PONCHO_-_Parka_-_vista_blue
zalando-poncho-DESCHUTES_VALLEY™_RAIN_PONCHO_-_Parka_-_black,16195,1695301175797,zalando-poncho,DESCHUTES_VALLEY™_RAIN_PONCHO_-_Parka_-_black
zalando-poncho-PARIS_ST._GERMAIN_CITY_MADE_PONCHO_-_Veste_de_survêtement_-_aura_white,6495,1695301176063,zalando-poncho,PARIS_ST._GERMAIN_CITY_MADE_PONCHO_-_Veste_de_survêtement_-_aura_white
zalando-poncho-COVERO_PONCHO_II_-_Cape_-_lightgrey,4395,1695301176393,zalando-poncho,COVERO_PONCHO_II_-_Cape_-_lightgrey
zalando-poncho-DESCHUTES_VALLEY™_RAIN_PONCHO_-_Parka_-_vista_blue,16195,1695315034211,zalando-poncho,DESCHUTES_VALLEY™_RAIN_PONCHO_-_Parka_-_vista_blue
zalando-poncho-DESCHUTES_VALLEY™_RAIN_PONCHO_-_Parka_-_black,16195,1695315034273,zalando-poncho,DESCHUTES_VALLEY™_RAIN_PONCHO_-_Parka_-_black
zalando-poncho-PARIS_ST._GERMAIN_CITY_MADE_PONCHO_-_Veste_de_survêtement_-_aura_white,6495,1695315034382,zalando-poncho,PARIS_ST._GERMAIN_CITY_MADE_PONCHO_-_Veste_de_survêtement_-_aura_white
zalando-poncho-COVERO_PONCHO_II_-_Cape_-_lightgrey,4395,1695315034474,zalando-poncho,COVERO_PONCHO_II_-_Cape_-_lightgrey
zalando-poncho-DESCHUTES_VALLEY™_RAIN_PONCHO_-_Parka_-_vista_blue,16195,1695329437778,zalando-poncho,DESCHUTES_VALLEY™_RAIN_PONCHO_-_Parka_-_vista_blue
zalando-poncho-DESCHUTES_VALLEY™_RAIN_PONCHO_-_Parka_-_black,16195,1695329438017,zalando-poncho,DESCHUTES_VALLEY™_RAIN_PONCHO_-_Parka_-_black
zalando-poncho-PARIS_ST._GERMAIN_CITY_MADE_PONCHO_-_Veste_de_survêtement_-_aura_white,6495,1695329438125,zalando-poncho,PARIS_ST._GERMAIN_CITY_MADE_PONCHO_-_Veste_de_survêtement_-_aura_white
zalando-poncho-COVERO_PONCHO_II_-_Cape_-_lightgrey,4395,1695329438224,zalando-poncho,COVERO_PONCHO_II_-_Cape_-_lightgrey
zalando-poncho-DESCHUTES_VALLEY™_RAIN_PONCHO_-_Parka_-_vista_blue,16195,1695358231725,zalando-poncho,DESCHUTES_VALLEY™_RAIN_PONCHO_-_Parka_-_vista_blue
zalando-poncho-DESCHUTES_VALLEY™_RAIN_PONCHO_-_Parka_-_black,16195,1695358231786,zalando-poncho,DESCHUTES_VALLEY™_RAIN_PONCHO_-_Parka_-_black
zalando-poncho-PARIS_ST._GERMAIN_CITY_MADE_PONCHO_-_Veste_de_survêtement_-_aura_white,6495,1695358231886,zalando-poncho,PARIS_ST._GERMAIN_CITY_MADE_PONCHO_-_Veste_de_survêtement_-_aura_white
zalando-poncho-COVERO_PONCHO_II_-_Cape_-_lightgrey,4395,1695358231959,zalando-poncho,COVERO_PONCHO_II_-_Cape_-_lightgrey
zalando-poncho-DESCHUTES_VALLEY™_RAIN_PONCHO_-_Parka_-_vista_blue,16195,1695372629306,zalando-poncho,DESCHUTES_VALLEY™_RAIN_PONCHO_-_Parka_-_vista_blue
zalando-poncho-DESCHUTES_VALLEY™_RAIN_PONCHO_-_Parka_-_black,16195,1695372629377,zalando-poncho,DESCHUTES_VALLEY™_RAIN_PONCHO_-_Parka_-_black
zalando-poncho-PARIS_ST._GERMAIN_CITY_MADE_PONCHO_-_Veste_de_survêtement_-_aura_white,6495,1695372629439,zalando-poncho,PARIS_ST._GERMAIN_CITY_MADE_PONCHO_-_Veste_de_survêtement_-_aura_white
zalando-poncho-COVERO_PONCHO_II_-_Cape_-_lightgrey,4395,1695372629900,zalando-poncho,COVERO_PONCHO_II_-_Cape_-_lightgrey
zalando-poncho-DESCHUTES_VALLEY™_RAIN_PONCHO_-_Parka_-_vista_blue,16195,1695387513403,zalando-poncho,DESCHUTES_VALLEY™_RAIN_PONCHO_-_Parka_-_vista_blue
zalando-poncho-DESCHUTES_VALLEY™_RAIN_PONCHO_-_Parka_-_black,16195,1695387513663,zalando-poncho,DESCHUTES_VALLEY™_RAIN_PONCHO_-_Parka_-_black
zalando-poncho-PARIS_ST._GERMAIN_CITY_MADE_PONCHO_-_Veste_de_survêtement_-_aura_white,6495,1695387513778,zalando-poncho,PARIS_ST._GERMAIN_CITY_MADE_PONCHO_-_Veste_de_survêtement_-_aura_white
zalando-poncho-COVERO_PONCHO_II_-_Cape_-_lightgrey,4395,1695387513851,zalando-poncho,COVERO_PONCHO_II_-_Cape_-_lightgrey
zalando-poncho-DESCHUTES_VALLEY™_RAIN_PONCHO_-_Parka_-_vista_blue,16195,1695401432230,zalando-poncho,DESCHUTES_VALLEY™_RAIN_PONCHO_-_Parka_-_vista_blue
zalando-poncho-DESCHUTES_VALLEY™_RAIN_PONCHO_-_Parka_-_black,16195,1695401432381,zalando-poncho,DESCHUTES_VALLEY™_RAIN_PONCHO_-_Parka_-_black
zalando-poncho-PARIS_ST._GERMAIN_CITY_MADE_PONCHO_-_Veste_de_survêtement_-_aura_white,6495,1695401432514,zalando-poncho,PARIS_ST._GERMAIN_CITY_MADE_PONCHO_-_Veste_de_survêtement_-_aura_white
zalando-poncho-DESCHUTES_VALLEY™_RAIN_PONCHO_-_Parka_-_vista_blue,16195,1695415817824,zalando-poncho,DESCHUTES_VALLEY™_RAIN_PONCHO_-_Parka_-_vista_blue
zalando-poncho-DESCHUTES_VALLEY™_RAIN_PONCHO_-_Parka_-_black,16195,1695415817914,zalando-poncho,DESCHUTES_VALLEY™_RAIN_PONCHO_-_Parka_-_black
zalando-poncho-PARIS_ST._GERMAIN_CITY_MADE_PONCHO_-_Veste_de_survêtement_-_aura_white,6495,1695415818013,zalando-poncho,PARIS_ST._GERMAIN_CITY_MADE_PONCHO_-_Veste_de_survêtement_-_aura_white
zalando-poncho-DESCHUTES_VALLEY™_RAIN_PONCHO_-_Parka_-_vista_blue,16195,1695444618734,zalando-poncho,DESCHUTES_VALLEY™_RAIN_PONCHO_-_Parka_-_vista_blue
zalando-poncho-DESCHUTES_VALLEY™_RAIN_PONCHO_-_Parka_-_black,16195,1695444619288,zalando-poncho,DESCHUTES_VALLEY™_RAIN_PONCHO_-_Parka_-_black
zalando-poncho-PARIS_ST._GERMAIN_CITY_MADE_PONCHO_-_Veste_de_survêtement_-_aura_white,6495,1695444619538,zalando-poncho,PARIS_ST._GERMAIN_CITY_MADE_PONCHO_-_Veste_de_survêtement_-_aura_white
zalando-poncho-DESCHUTES_VALLEY™_RAIN_PONCHO_-_Parka_-_vista_blue,16195,1695459030896,zalando-poncho,DESCHUTES_VALLEY™_RAIN_PONCHO_-_Parka_-_vista_blue
zalando-poncho-DESCHUTES_VALLEY™_RAIN_PONCHO_-_Parka_-_black,16195,1695459030967,zalando-poncho,DESCHUTES_VALLEY™_RAIN_PONCHO_-_Parka_-_black
zalando-poncho-PARIS_ST._GERMAIN_CITY_MADE_PONCHO_-_Veste_de_survêtement_-_aura_white,6495,1695459031615,zalando-poncho,PARIS_ST._GERMAIN_CITY_MADE_PONCHO_-_Veste_de_survêtement_-_aura_white
zalando-poncho-COVERO_PONCHO_II_-_Cape_-_lightgrey,4395,1695459032019,zalando-poncho,COVERO_PONCHO_II_-_Cape_-_lightgrey
zalando-poncho-DESCHUTES_VALLEY™_RAIN_PONCHO_-_Parka_-_vista_blue,16195,1695473702126,zalando-poncho,DESCHUTES_VALLEY™_RAIN_PONCHO_-_Parka_-_vista_blue
zalando-poncho-DESCHUTES_VALLEY™_RAIN_PONCHO_-_Parka_-_black,16195,1695473702292,zalando-poncho,DESCHUTES_VALLEY™_RAIN_PONCHO_-_Parka_-_black
zalando-poncho-PARIS_ST._GERMAIN_CITY_MADE_PONCHO_-_Veste_de_survêtement_-_aura_white,6495,1695473702357,zalando-poncho,PARIS_ST._GERMAIN_CITY_MADE_PONCHO_-_Veste_de_survêtement_-_aura_white
zalando-poncho-COVERO_PONCHO_II_-_Cape_-_lightgrey,4395,1695473702410,zalando-poncho,COVERO_PONCHO_II_-_Cape_-_lightgrey
zalando-poncho-DESCHUTES_VALLEY™_RAIN_PONCHO_-_Parka_-_vista_blue,16195,1695487830325,zalando-poncho,DESCHUTES_VALLEY™_RAIN_PONCHO_-_Parka_-_vista_blue
zalando-poncho-DESCHUTES_VALLEY™_RAIN_PONCHO_-_Parka_-_black,16195,1695487830470,zalando-poncho,DESCHUTES_VALLEY™_RAIN_PONCHO_-_Parka_-_black
zalando-poncho-PARIS_ST._GERMAIN_CITY_MADE_PONCHO_-_Veste_de_survêtement_-_aura_white,6495,1695487830596,zalando-poncho,PARIS_ST._GERMAIN_CITY_MADE_PONCHO_-_Veste_de_survêtement_-_aura_white
zalando-poncho-COVERO_PONCHO_II_-_Cape_-_lightgrey,4395,1695487830726,zalando-poncho,COVERO_PONCHO_II_-_Cape_-_lightgrey
zalando-poncho-DESCHUTES_VALLEY™_RAIN_PONCHO_-_Parka_-_vista_blue,16195,1695502239490,zalando-poncho,DESCHUTES_VALLEY™_RAIN_PONCHO_-_Parka_-_vista_blue
zalando-poncho-DESCHUTES_VALLEY™_RAIN_PONCHO_-_Parka_-_black,16195,1695502240022,zalando-poncho,DESCHUTES_VALLEY™_RAIN_PONCHO_-_Parka_-_black
zalando-poncho-PARIS_ST._GERMAIN_CITY_MADE_PONCHO_-_Veste_de_survêtement_-_aura_white,6495,1695502240360,zalando-poncho,PARIS_ST._GERMAIN_CITY_MADE_PONCHO_-_Veste_de_survêtement_-_aura_white
zalando-poncho-COVERO_PONCHO_II_-_Cape_-_lightgrey,4395,1695502240523,zalando-poncho,COVERO_PONCHO_II_-_Cape_-_lightgrey
zalando-poncho-DESCHUTES_VALLEY™_RAIN_PONCHO_-_Parka_-_vista_blue,16195,1695531021370,zalando-poncho,DESCHUTES_VALLEY™_RAIN_PONCHO_-_Parka_-_vista_blue
zalando-poncho-DESCHUTES_VALLEY™_RAIN_PONCHO_-_Parka_-_black,16195,1695531021497,zalando-poncho,DESCHUTES_VALLEY™_RAIN_PONCHO_-_Parka_-_black
zalando-poncho-PARIS_ST._GERMAIN_CITY_MADE_PONCHO_-_Veste_de_survêtement_-_aura_white,6495,1695531022167,zalando-poncho,PARIS_ST._GERMAIN_CITY_MADE_PONCHO_-_Veste_de_survêtement_-_aura_white
zalando-poncho-COVERO_PONCHO_II_-_Cape_-_lightgrey,4395,1695531022524,zalando-poncho,COVERO_PONCHO_II_-_Cape_-_lightgrey
zalando-poncho-DESCHUTES_VALLEY™_RAIN_PONCHO_-_Parka_-_vista_blue,16195,1695545432440,zalando-poncho,DESCHUTES_VALLEY™_RAIN_PONCHO_-_Parka_-_vista_blue
zalando-poncho-DESCHUTES_VALLEY™_RAIN_PONCHO_-_Parka_-_black,16195,1695545432650,zalando-poncho,DESCHUTES_VALLEY™_RAIN_PONCHO_-_Parka_-_black
zalando-poncho-PARIS_ST._GERMAIN_CITY_MADE_PONCHO_-_Veste_de_survêtement_-_aura_white,6495,1695545432740,zalando-poncho,PARIS_ST._GERMAIN_CITY_MADE_PONCHO_-_Veste_de_survêtement_-_aura_white
zalando-poncho-COVERO_PONCHO_II_-_Cape_-_lightgrey,4395,1695545432812,zalando-poncho,COVERO_PONCHO_II_-_Cape_-_lightgrey
zalando-poncho-DESCHUTES_VALLEY™_RAIN_PONCHO_-_Parka_-_vista_blue,16195,1695560124695,zalando-poncho,DESCHUTES_VALLEY™_RAIN_PONCHO_-_Parka_-_vista_blue
zalando-poncho-DESCHUTES_VALLEY™_RAIN_PONCHO_-_Parka_-_black,16195,1695560124870,zalando-poncho,DESCHUTES_VALLEY™_RAIN_PONCHO_-_Parka_-_black
zalando-poncho-PARIS_ST._GERMAIN_CITY_MADE_PONCHO_-_Veste_de_survêtement_-_aura_white,6495,1695560125861,zalando-poncho,PARIS_ST._GERMAIN_CITY_MADE_PONCHO_-_Veste_de_survêtement_-_aura_white
zalando-poncho-COVERO_PONCHO_II_-_Cape_-_lightgrey,4395,1695560126436,zalando-poncho,COVERO_PONCHO_II_-_Cape_-_lightgrey
zalando-poncho-DESCHUTES_VALLEY™_RAIN_PONCHO_-_Parka_-_vista_blue,16195,1695574234967,zalando-poncho,DESCHUTES_VALLEY™_RAIN_PONCHO_-_Parka_-_vista_blue
zalando-poncho-DESCHUTES_VALLEY™_RAIN_PONCHO_-_Parka_-_black,16195,1695574235051,zalando-poncho,DESCHUTES_VALLEY™_RAIN_PONCHO_-_Parka_-_black
zalando-poncho-PARIS_ST._GERMAIN_CITY_MADE_PONCHO_-_Veste_de_survêtement_-_aura_white,6495,1695574235569,zalando-poncho,PARIS_ST._GERMAIN_CITY_MADE_PONCHO_-_Veste_de_survêtement_-_aura_white
zalando-poncho-COVERO_PONCHO_II_-_Cape_-_lightgrey,4395,1695574235919,zalando-poncho,COVERO_PONCHO_II_-_Cape_-_lightgrey
zalando-poncho-DESCHUTES_VALLEY™_RAIN_PONCHO_-_Parka_-_vista_blue,16195,1695588611271,zalando-poncho,DESCHUTES_VALLEY™_RAIN_PONCHO_-_Parka_-_vista_blue
zalando-poncho-DESCHUTES_VALLEY™_RAIN_PONCHO_-_Parka_-_black,16195,1695588611431,zalando-poncho,DESCHUTES_VALLEY™_RAIN_PONCHO_-_Parka_-_black
zalando-poncho-PARIS_ST._GERMAIN_CITY_MADE_PONCHO_-_Veste_de_survêtement_-_aura_white,6495,1695588611514,zalando-poncho,PARIS_ST._GERMAIN_CITY_MADE_PONCHO_-_Veste_de_survêtement_-_aura_white
zalando-poncho-COVERO_PONCHO_II_-_Cape_-_lightgrey,4395,1695588611598,zalando-poncho,COVERO_PONCHO_II_-_Cape_-_lightgrey
zalando-poncho-DESCHUTES_VALLEY™_RAIN_PONCHO_-_Parka_-_vista_blue,16195,1695617433446,zalando-poncho,DESCHUTES_VALLEY™_RAIN_PONCHO_-_Parka_-_vista_blue
zalando-poncho-DESCHUTES_VALLEY™_RAIN_PONCHO_-_Parka_-_black,16195,1695617433933,zalando-poncho,DESCHUTES_VALLEY™_RAIN_PONCHO_-_Parka_-_black
zalando-poncho-PARIS_ST._GERMAIN_CITY_MADE_PONCHO_-_Veste_de_survêtement_-_aura_white,6495,1695617434334,zalando-poncho,PARIS_ST._GERMAIN_CITY_MADE_PONCHO_-_Veste_de_survêtement_-_aura_white
zalando-poncho-COVERO_PONCHO_II_-_Cape_-_lightgrey,4395,1695617434466,zalando-poncho,COVERO_PONCHO_II_-_Cape_-_lightgrey
zalando-poncho-DESCHUTES_VALLEY™_RAIN_PONCHO_-_Parka_-_vista_blue,16195,1695631845606,zalando-poncho,DESCHUTES_VALLEY™_RAIN_PONCHO_-_Parka_-_vista_blue
zalando-poncho-DESCHUTES_VALLEY™_RAIN_PONCHO_-_Parka_-_black,16195,1695631845920,zalando-poncho,DESCHUTES_VALLEY™_RAIN_PONCHO_-_Parka_-_black
zalando-poncho-COVERO_PONCHO_II_-_Cape_-_lightgrey,4395,1695631846645,zalando-poncho,COVERO_PONCHO_II_-_Cape_-_lightgrey
zalando-poncho-PARIS_ST._GERMAIN_CITY_MADE_PONCHO_-_Veste_de_survêtement_-_aura_white,6495,1695631846865,zalando-poncho,PARIS_ST._GERMAIN_CITY_MADE_PONCHO_-_Veste_de_survêtement_-_aura_white
zalando-poncho-DESCHUTES_VALLEY™_RAIN_PONCHO_-_Parka_-_vista_blue,16195,1695646789344,zalando-poncho,DESCHUTES_VALLEY™_RAIN_PONCHO_-_Parka_-_vista_blue
zalando-poncho-DESCHUTES_VALLEY™_RAIN_PONCHO_-_Parka_-_black,16195,1695646789574,zalando-poncho,DESCHUTES_VALLEY™_RAIN_PONCHO_-_Parka_-_black
zalando-poncho-COVERO_PONCHO_II_-_Cape_-_lightgrey,4395,1695646789716,zalando-poncho,COVERO_PONCHO_II_-_Cape_-_lightgrey
zalando-poncho-PARIS_ST._GERMAIN_CITY_MADE_PONCHO_-_Veste_de_survêtement_-_aura_white,6495,1695646789814,zalando-poncho,PARIS_ST._GERMAIN_CITY_MADE_PONCHO_-_Veste_de_survêtement_-_aura_white
zalando-poncho-DESCHUTES_VALLEY™_RAIN_PONCHO_-_Parka_-_vista_blue,16195,1695660625287,zalando-poncho,DESCHUTES_VALLEY™_RAIN_PONCHO_-_Parka_-_vista_blue
zalando-poncho-DESCHUTES_VALLEY™_RAIN_PONCHO_-_Parka_-_black,16195,1695660625466,zalando-poncho,DESCHUTES_VALLEY™_RAIN_PONCHO_-_Parka_-_black
zalando-poncho-HIKING_BACKPACK_PONCHO_-_Veste_imperméable_-_indian_red,8995,1695660625607,zalando-poncho,HIKING_BACKPACK_PONCHO_-_Veste_imperméable_-_indian_red
zalando-poncho-COVERO_PONCHO_II_-_Cape_-_lightgrey,4395,1695660625713,zalando-poncho,COVERO_PONCHO_II_-_Cape_-_lightgrey
zalando-poncho-PARIS_ST._GERMAIN_CITY_MADE_PONCHO_-_Veste_de_survêtement_-_aura_white,6495,1695660625894,zalando-poncho,PARIS_ST._GERMAIN_CITY_MADE_PONCHO_-_Veste_de_survêtement_-_aura_white
zalando-poncho-DESCHUTES_VALLEY™_RAIN_PONCHO_-_Parka_-_vista_blue,16195,1695675010714,zalando-poncho,DESCHUTES_VALLEY™_RAIN_PONCHO_-_Parka_-_vista_blue
zalando-poncho-DESCHUTES_VALLEY™_RAIN_PONCHO_-_Parka_-_black,16195,1695675010834,zalando-poncho,DESCHUTES_VALLEY™_RAIN_PONCHO_-_Parka_-_black
zalando-poncho-HIKING_BACKPACK_PONCHO_-_Veste_imperméable_-_indian_red,8995,1695675011032,zalando-poncho,HIKING_BACKPACK_PONCHO_-_Veste_imperméable_-_indian_red
zalando-poncho-COVERO_PONCHO_II_-_Cape_-_lightgrey,4395,1695675011093,zalando-poncho,COVERO_PONCHO_II_-_Cape_-_lightgrey
zalando-poncho-PARIS_ST._GERMAIN_CITY_MADE_PONCHO_-_Veste_de_survêtement_-_aura_white,6495,1695675011188,zalando-poncho,PARIS_ST._GERMAIN_CITY_MADE_PONCHO_-_Veste_de_survêtement_-_aura_white
zalando-poncho-DESCHUTES_VALLEY™_RAIN_PONCHO_-_Parka_-_vista_blue,16195,1695703819385,zalando-poncho,DESCHUTES_VALLEY™_RAIN_PONCHO_-_Parka_-_vista_blue
zalando-poncho-DESCHUTES_VALLEY™_RAIN_PONCHO_-_Parka_-_black,16195,1695703819543,zalando-poncho,DESCHUTES_VALLEY™_RAIN_PONCHO_-_Parka_-_black
zalando-poncho-HIKING_BACKPACK_PONCHO_-_Veste_imperméable_-_indian_red,8995,1695703819678,zalando-poncho,HIKING_BACKPACK_PONCHO_-_Veste_imperméable_-_indian_red
zalando-poncho-PARIS_ST._GERMAIN_CITY_MADE_PONCHO_-_Veste_de_survêtement_-_aura_white,6495,1695703819731,zalando-poncho,PARIS_ST._GERMAIN_CITY_MADE_PONCHO_-_Veste_de_survêtement_-_aura_white
zalando-poncho-COVERO_PONCHO_II_-_Cape_-_lightgrey,4395,1695703819806,zalando-poncho,COVERO_PONCHO_II_-_Cape_-_lightgrey
zalando-poncho-DESCHUTES_VALLEY™_RAIN_PONCHO_-_Parka_-_vista_blue,16195,1695718245811,zalando-poncho,DESCHUTES_VALLEY™_RAIN_PONCHO_-_Parka_-_vista_blue
zalando-poncho-DESCHUTES_VALLEY™_RAIN_PONCHO_-_Parka_-_black,16195,1695718245885,zalando-poncho,DESCHUTES_VALLEY™_RAIN_PONCHO_-_Parka_-_black
zalando-poncho-HIKING_BACKPACK_PONCHO_-_Veste_imperméable_-_indian_red,8995,1695718246745,zalando-poncho,HIKING_BACKPACK_PONCHO_-_Veste_imperméable_-_indian_red
zalando-poncho-PARIS_ST._GERMAIN_CITY_MADE_PONCHO_-_Veste_de_survêtement_-_aura_white,6495,1695718247364,zalando-poncho,PARIS_ST._GERMAIN_CITY_MADE_PONCHO_-_Veste_de_survêtement_-_aura_white
zalando-poncho-COVERO_PONCHO_II_-_Cape_-_lightgrey,4395,1695718247676,zalando-poncho,COVERO_PONCHO_II_-_Cape_-_lightgrey
zalando-poncho-DESCHUTES_VALLEY™_RAIN_PONCHO_-_Parka_-_vista_blue,16195,1695733201336,zalando-poncho,DESCHUTES_VALLEY™_RAIN_PONCHO_-_Parka_-_vista_blue
zalando-poncho-DESCHUTES_VALLEY™_RAIN_PONCHO_-_Parka_-_black,16195,1695733201946,zalando-poncho,DESCHUTES_VALLEY™_RAIN_PONCHO_-_Parka_-_black
zalando-poncho-HIKING_BACKPACK_PONCHO_-_Veste_imperméable_-_indian_red,8995,1695733202301,zalando-poncho,HIKING_BACKPACK_PONCHO_-_Veste_imperméable_-_indian_red
zalando-poncho-PARIS_ST._GERMAIN_CITY_MADE_PONCHO_-_Veste_de_survêtement_-_aura_white,6495,1695733202435,zalando-poncho,PARIS_ST._GERMAIN_CITY_MADE_PONCHO_-_Veste_de_survêtement_-_aura_white
zalando-poncho-COVERO_PONCHO_II_-_Cape_-_lightgrey,4395,1695733202549,zalando-poncho,COVERO_PONCHO_II_-_Cape_-_lightgrey
zalando-poncho-DESCHUTES_VALLEY™_RAIN_PONCHO_-_Parka_-_vista_blue,16195,1695747017003,zalando-poncho,DESCHUTES_VALLEY™_RAIN_PONCHO_-_Parka_-_vista_blue
zalando-poncho-DESCHUTES_VALLEY™_RAIN_PONCHO_-_Parka_-_black,16195,1695747017049,zalando-poncho,DESCHUTES_VALLEY™_RAIN_PONCHO_-_Parka_-_black
zalando-poncho-HIKING_BACKPACK_PONCHO_-_Veste_imperméable_-_indian_red,8995,1695747017297,zalando-poncho,HIKING_BACKPACK_PONCHO_-_Veste_imperméable_-_indian_red
zalando-poncho-PSG_M_NSW_CITY_MADE_PONCHO_-_Veste_de_survêtement_-_aura_white,6495,1695747017796,zalando-poncho,PSG_M_NSW_CITY_MADE_PONCHO_-_Veste_de_survêtement_-_aura_white
zalando-poncho-COVERO_PONCHO_II_-_Cape_-_lightgrey,4395,1695747018002,zalando-poncho,COVERO_PONCHO_II_-_Cape_-_lightgrey
zalando-poncho-DESCHUTES_VALLEY™_RAIN_PONCHO_-_Parka_-_vista_blue,16195,1695761430723,zalando-poncho,DESCHUTES_VALLEY™_RAIN_PONCHO_-_Parka_-_vista_blue
zalando-poncho-DESCHUTES_VALLEY™_RAIN_PONCHO_-_Parka_-_black,16195,1695761430835,zalando-poncho,DESCHUTES_VALLEY™_RAIN_PONCHO_-_Parka_-_black
zalando-poncho-HIKING_BACKPACK_PONCHO_-_Veste_imperméable_-_indian_red,8995,1695761431186,zalando-poncho,HIKING_BACKPACK_PONCHO_-_Veste_imperméable_-_indian_red
zalando-poncho-PSG_M_NSW_CITY_MADE_PONCHO_-_Veste_de_survêtement_-_aura_white,6495,1695761432200,zalando-poncho,PSG_M_NSW_CITY_MADE_PONCHO_-_Veste_de_survêtement_-_aura_white
zalando-poncho-COVERO_PONCHO_II_-_Cape_-_lightgrey,4395,1695761432473,zalando-poncho,COVERO_PONCHO_II_-_Cape_-_lightgrey
zalando-poncho-DESCHUTES_VALLEY™_RAIN_PONCHO_-_Parka_-_vista_blue,14395,1695790225682,zalando-poncho,DESCHUTES_VALLEY™_RAIN_PONCHO_-_Parka_-_vista_blue
zalando-poncho-DESCHUTES_VALLEY™_RAIN_PONCHO_-_Parka_-_black,14395,1695790225768,zalando-poncho,DESCHUTES_VALLEY™_RAIN_PONCHO_-_Parka_-_black
zalando-poncho-HIKING_BACKPACK_PONCHO_-_Veste_imperméable_-_indian_red,7995,1695790225841,zalando-poncho,HIKING_BACKPACK_PONCHO_-_Veste_imperméable_-_indian_red
zalando-poncho-PSG_M_NSW_CITY_MADE_PONCHO_-_Veste_de_survêtement_-_aura_white,9795,1695790226566,zalando-poncho,PSG_M_NSW_CITY_MADE_PONCHO_-_Veste_de_survêtement_-_aura_white
zalando-poncho-COVERO_PONCHO_II_-_Cape_-_lightgrey,4395,1695790226989,zalando-poncho,COVERO_PONCHO_II_-_Cape_-_lightgrey
zalando-poncho-DESCHUTES_VALLEY™_RAIN_PONCHO_-_Parka_-_black,14395,1695804614769,zalando-poncho,DESCHUTES_VALLEY™_RAIN_PONCHO_-_Parka_-_black
zalando-poncho-DESCHUTES_VALLEY™_RAIN_PONCHO_-_Parka_-_vista_blue,14395,1695804614855,zalando-poncho,DESCHUTES_VALLEY™_RAIN_PONCHO_-_Parka_-_vista_blue
zalando-poncho-HIKING_BACKPACK_PONCHO_-_Veste_imperméable_-_indian_red,7995,1695804614908,zalando-poncho,HIKING_BACKPACK_PONCHO_-_Veste_imperméable_-_indian_red
zalando-poncho-PSG_M_NSW_CITY_MADE_PONCHO_-_Veste_de_survêtement_-_aura_white,9795,1695804615386,zalando-poncho,PSG_M_NSW_CITY_MADE_PONCHO_-_Veste_de_survêtement_-_aura_white
zalando-poncho-COVERO_PONCHO_II_-_Cape_-_lightgrey,4395,1695804615775,zalando-poncho,COVERO_PONCHO_II_-_Cape_-_lightgrey
zalando-poncho-DESCHUTES_VALLEY™_RAIN_PONCHO_-_Parka_-_black,14395,1695819554952,zalando-poncho,DESCHUTES_VALLEY™_RAIN_PONCHO_-_Parka_-_black
zalando-poncho-DESCHUTES_VALLEY™_RAIN_PONCHO_-_Parka_-_vista_blue,14395,1695819555040,zalando-poncho,DESCHUTES_VALLEY™_RAIN_PONCHO_-_Parka_-_vista_blue
zalando-poncho-HIKING_BACKPACK_PONCHO_-_Veste_imperméable_-_indian_red,7995,1695819555619,zalando-poncho,HIKING_BACKPACK_PONCHO_-_Veste_imperméable_-_indian_red
zalando-poncho-PSG_M_NSW_CITY_MADE_PONCHO_-_Veste_de_survêtement_-_aura_white,9795,1695819556015,zalando-poncho,PSG_M_NSW_CITY_MADE_PONCHO_-_Veste_de_survêtement_-_aura_white
zalando-poncho-COVERO_PONCHO_II_-_Cape_-_lightgrey,4395,1695819556197,zalando-poncho,COVERO_PONCHO_II_-_Cape_-_lightgrey
zalando-poncho-DESCHUTES_VALLEY™_RAIN_PONCHO_-_Parka_-_black,14395,1695833431449,zalando-poncho,DESCHUTES_VALLEY™_RAIN_PONCHO_-_Parka_-_black
zalando-poncho-DESCHUTES_VALLEY™_RAIN_PONCHO_-_Parka_-_vista_blue,14395,1695833432057,zalando-poncho,DESCHUTES_VALLEY™_RAIN_PONCHO_-_Parka_-_vista_blue
zalando-poncho-HIKING_BACKPACK_PONCHO_-_Veste_imperméable_-_indian_red,7995,1695833432415,zalando-poncho,HIKING_BACKPACK_PONCHO_-_Veste_imperméable_-_indian_red
zalando-poncho-PSG_M_NSW_CITY_MADE_PONCHO_-_Veste_de_survêtement_-_aura_white,9795,1695833432599,zalando-poncho,PSG_M_NSW_CITY_MADE_PONCHO_-_Veste_de_survêtement_-_aura_white
zalando-poncho-COVERO_PONCHO_II_-_Cape_-_lightgrey,4395,1695833432875,zalando-poncho,COVERO_PONCHO_II_-_Cape_-_lightgrey
zalando-poncho-DESCHUTES_VALLEY™_RAIN_PONCHO_-_Parka_-_black,14395,1695847851761,zalando-poncho,DESCHUTES_VALLEY™_RAIN_PONCHO_-_Parka_-_black
zalando-poncho-DESCHUTES_VALLEY™_RAIN_PONCHO_-_Parka_-_vista_blue,14395,1695847851835,zalando-poncho,DESCHUTES_VALLEY™_RAIN_PONCHO_-_Parka_-_vista_blue
zalando-poncho-PSG_M_NSW_CITY_MADE_PONCHO_-_Veste_de_survêtement_-_aura_white,9795,1695847851932,zalando-poncho,PSG_M_NSW_CITY_MADE_PONCHO_-_Veste_de_survêtement_-_aura_white
zalando-poncho-COVERO_PONCHO_II_-_Cape_-_lightgrey,4395,1695847852585,zalando-poncho,COVERO_PONCHO_II_-_Cape_-_lightgrey
zalando-poncho-DESCHUTES_VALLEY™_RAIN_PONCHO_-_Parka_-_black,14395,1695876630465,zalando-poncho,DESCHUTES_VALLEY™_RAIN_PONCHO_-_Parka_-_black
zalando-poncho-DESCHUTES_VALLEY™_RAIN_PONCHO_-_Parka_-_vista_blue,14395,1695876630980,zalando-poncho,DESCHUTES_VALLEY™_RAIN_PONCHO_-_Parka_-_vista_blue
zalando-poncho-PSG_M_NSW_CITY_MADE_PONCHO_-_Veste_de_survêtement_-_aura_white,9795,1695876631294,zalando-poncho,PSG_M_NSW_CITY_MADE_PONCHO_-_Veste_de_survêtement_-_aura_white
zalando-poncho-COVERO_PONCHO_II_-_Cape_-_lightgrey,4395,1695876631426,zalando-poncho,COVERO_PONCHO_II_-_Cape_-_lightgrey
zalando-poncho-DESCHUTES_VALLEY™_RAIN_PONCHO_-_Parka_-_black,14395,1695891016997,zalando-poncho,DESCHUTES_VALLEY™_RAIN_PONCHO_-_Parka_-_black
zalando-poncho-DESCHUTES_VALLEY™_RAIN_PONCHO_-_Parka_-_vista_blue,14395,1695891017383,zalando-poncho,DESCHUTES_VALLEY™_RAIN_PONCHO_-_Parka_-_vista_blue
zalando-poncho-PSG_M_NSW_CITY_MADE_PONCHO_-_Veste_de_survêtement_-_aura_white,9795,1695891018002,zalando-poncho,PSG_M_NSW_CITY_MADE_PONCHO_-_Veste_de_survêtement_-_aura_white
zalando-poncho-COVERO_PONCHO_II_-_Cape_-_lightgrey,4395,1695891018234,zalando-poncho,COVERO_PONCHO_II_-_Cape_-_lightgrey
zalando-poncho-DESCHUTES_VALLEY™_RAIN_PONCHO_-_Parka_-_black,14395,1695905956167,zalando-poncho,DESCHUTES_VALLEY™_RAIN_PONCHO_-_Parka_-_black
zalando-poncho-DESCHUTES_VALLEY™_RAIN_PONCHO_-_Parka_-_vista_blue,14395,1695905956659,zalando-poncho,DESCHUTES_VALLEY™_RAIN_PONCHO_-_Parka_-_vista_blue
zalando-poncho-PSG_M_NSW_CITY_MADE_PONCHO_-_Veste_de_survêtement_-_aura_white,9795,1695905956873,zalando-poncho,PSG_M_NSW_CITY_MADE_PONCHO_-_Veste_de_survêtement_-_aura_white
zalando-poncho-COVERO_PONCHO_II_-_Cape_-_lightgrey,4395,1695905957038,zalando-poncho,COVERO_PONCHO_II_-_Cape_-_lightgrey
zalando-poncho-DESCHUTES_VALLEY™_RAIN_PONCHO_-_Parka_-_black,14395,1695919820682,zalando-poncho,DESCHUTES_VALLEY™_RAIN_PONCHO_-_Parka_-_black
zalando-poncho-DESCHUTES_VALLEY™_RAIN_PONCHO_-_Parka_-_vista_blue,14395,1695919820768,zalando-poncho,DESCHUTES_VALLEY™_RAIN_PONCHO_-_Parka_-_vista_blue
zalando-poncho-HIKING_BACKPACK_PONCHO_-_Veste_imperméable_-_blue,7995,1695919820832,zalando-poncho,HIKING_BACKPACK_PONCHO_-_Veste_imperméable_-_blue
zalando-poncho-PSG_M_NSW_CITY_MADE_PONCHO_-_Veste_de_survêtement_-_aura_white,9795,1695919820969,zalando-poncho,PSG_M_NSW_CITY_MADE_PONCHO_-_Veste_de_survêtement_-_aura_white
zalando-poncho-COVERO_PONCHO_II_-_Cape_-_lightgrey,4395,1695919821046,zalando-poncho,COVERO_PONCHO_II_-_Cape_-_lightgrey
zalando-poncho-DESCHUTES_VALLEY™_RAIN_PONCHO_-_Parka_-_black,14395,1695963019680,zalando-poncho,DESCHUTES_VALLEY™_RAIN_PONCHO_-_Parka_-_black
zalando-poncho-DESCHUTES_VALLEY™_RAIN_PONCHO_-_Parka_-_vista_blue,14395,1695963020225,zalando-poncho,DESCHUTES_VALLEY™_RAIN_PONCHO_-_Parka_-_vista_blue
zalando-poncho-HIKING_BACKPACK_PONCHO_-_Veste_imperméable_-_blue,7995,1695963020475,zalando-poncho,HIKING_BACKPACK_PONCHO_-_Veste_imperméable_-_blue
zalando-poncho-PSG_M_NSW_CITY_MADE_PONCHO_-_Veste_de_survêtement_-_aura_white,9795,1695963020679,zalando-poncho,PSG_M_NSW_CITY_MADE_PONCHO_-_Veste_de_survêtement_-_aura_white
zalando-poncho-COVERO_PONCHO_II_-_Cape_-_lightgrey,4395,1695963020810,zalando-poncho,COVERO_PONCHO_II_-_Cape_-_lightgrey
zalando-poncho-DESCHUTES_VALLEY™_RAIN_PONCHO_-_Parka_-_black,14395,1695977421474,zalando-poncho,DESCHUTES_VALLEY™_RAIN_PONCHO_-_Parka_-_black
zalando-poncho-DESCHUTES_VALLEY™_RAIN_PONCHO_-_Parka_-_vista_blue,14395,1695977421571,zalando-poncho,DESCHUTES_VALLEY™_RAIN_PONCHO_-_Parka_-_vista_blue
zalando-poncho-HIKING_BACKPACK_PONCHO_-_Veste_imperméable_-_blue,7995,1695977421633,zalando-poncho,HIKING_BACKPACK_PONCHO_-_Veste_imperméable_-_blue
zalando-poncho-PSG_M_NSW_CITY_MADE_PONCHO_-_Veste_de_survêtement_-_aura_white,9795,1695977422222,zalando-poncho,PSG_M_NSW_CITY_MADE_PONCHO_-_Veste_de_survêtement_-_aura_white
zalando-poncho-COVERO_PONCHO_II_-_Cape_-_lightgrey,4395,1695977422616,zalando-poncho,COVERO_PONCHO_II_-_Cape_-_lightgrey
